<PAMDataset>
  <PAMRasterBand band="1">
    <Description>Layer_1</Description>
    <Metadata>
      <MDI key="LAYER_TYPE">athematic</MDI>
      <MDI key="STATISTICS_MINIMUM">0.31921565532684</MDI>
      <MDI key="STATISTICS_MAXIMUM">0.39034736156464</MDI>
      <MDI key="STATISTICS_MEAN">0.35419029311538</MDI>
      <MDI key="STATISTICS_STDDEV">0.01960593357034</MDI>
      <MDI key="STATISTICS_SKIPFACTORX">1</MDI>
      <MDI key="STATISTICS_SKIPFACTORY">1</MDI>
      <MDI key="STATISTICS_EXCLUDEDVALUES"></MDI>
      <MDI key="STATISTICS_COVARIANCES">3.84392631164596E-04</MDI>
    </Metadata>
  </PAMRasterBand>
</PAMDataset>
