<PAMDataset>
  <PAMRasterBand band="1">
    <Description>Layer_1</Description>
    <Metadata>
      <MDI key="LAYER_TYPE">athematic</MDI>
      <MDI key="STATISTICS_MINIMUM">0.36939468979836</MDI>
      <MDI key="STATISTICS_MAXIMUM">0.41703286767006</MDI>
      <MDI key="STATISTICS_MEAN">0.40129544296563</MDI>
      <MDI key="STATISTICS_STDDEV">0.013985876215005</MDI>
      <MDI key="STATISTICS_SKIPFACTORX">1</MDI>
      <MDI key="STATISTICS_SKIPFACTORY">1</MDI>
      <MDI key="STATISTICS_EXCLUDEDVALUES"></MDI>
      <MDI key="STATISTICS_COVARIANCES">1.95604733501448E-04</MDI>
    </Metadata>
  </PAMRasterBand>
</PAMDataset>
