<PAMDataset>
  <PAMRasterBand band="1">
    <Description>Layer_1</Description>
    <Metadata>
      <MDI key="LAYER_TYPE">athematic</MDI>
      <MDI key="STATISTICS_MINIMUM">0.44834032654762</MDI>
      <MDI key="STATISTICS_MAXIMUM">0.49728232622147</MDI>
      <MDI key="STATISTICS_MEAN">0.47422754401267</MDI>
      <MDI key="STATISTICS_STDDEV">0.014434533547161</MDI>
      <MDI key="STATISTICS_SKIPFACTORX">1</MDI>
      <MDI key="STATISTICS_SKIPFACTORY">1</MDI>
      <MDI key="STATISTICS_EXCLUDEDVALUES"></MDI>
      <MDI key="STATISTICS_COVARIANCES">2.08355758724104E-04</MDI>
    </Metadata>
  </PAMRasterBand>
</PAMDataset>
