<PAMDataset>
  <PAMRasterBand band="1">
    <Description>Layer_1</Description>
    <Metadata>
      <MDI key="LAYER_TYPE">athematic</MDI>
      <MDI key="STATISTICS_MINIMUM">0.89241302013397</MDI>
      <MDI key="STATISTICS_MAXIMUM">0.9220262169838</MDI>
      <MDI key="STATISTICS_MEAN">0.90906920021176</MDI>
      <MDI key="STATISTICS_STDDEV">0.0083307807479669</MDI>
      <MDI key="STATISTICS_SKIPFACTORX">1</MDI>
      <MDI key="STATISTICS_SKIPFACTORY">1</MDI>
      <MDI key="STATISTICS_EXCLUDEDVALUES"></MDI>
      <MDI key="STATISTICS_COVARIANCES">6.94019078706964E-05</MDI>
    </Metadata>
  </PAMRasterBand>
</PAMDataset>
