<PAMDataset>
  <PAMRasterBand band="1">
    <Description>Layer_1</Description>
    <Metadata>
      <MDI key="LAYER_TYPE">athematic</MDI>
      <MDI key="STATISTICS_MINIMUM">0.9164143204689</MDI>
      <MDI key="STATISTICS_MAXIMUM">0.92662107944489</MDI>
      <MDI key="STATISTICS_MEAN">0.92406370123029</MDI>
      <MDI key="STATISTICS_STDDEV">0.0025334384261372</MDI>
      <MDI key="STATISTICS_SKIPFACTORX">1</MDI>
      <MDI key="STATISTICS_SKIPFACTORY">1</MDI>
      <MDI key="STATISTICS_EXCLUDEDVALUES"></MDI>
      <MDI key="STATISTICS_COVARIANCES">6.4183102590287E-06</MDI>
    </Metadata>
  </PAMRasterBand>
</PAMDataset>
