<PAMDataset>
  <PAMRasterBand band="1">
    <Description>Layer_1</Description>
    <Metadata>
      <MDI key="LAYER_TYPE">athematic</MDI>
      <MDI key="STATISTICS_MINIMUM">0.91774380207062</MDI>
      <MDI key="STATISTICS_MAXIMUM">0.92663270235062</MDI>
      <MDI key="STATISTICS_MEAN">0.92506568020582</MDI>
      <MDI key="STATISTICS_STDDEV">0.0021104774919689</MDI>
      <MDI key="STATISTICS_SKIPFACTORX">1</MDI>
      <MDI key="STATISTICS_SKIPFACTORY">1</MDI>
      <MDI key="STATISTICS_EXCLUDEDVALUES"></MDI>
      <MDI key="STATISTICS_COVARIANCES">4.45411524410723E-06</MDI>
    </Metadata>
  </PAMRasterBand>
</PAMDataset>
