<PAMDataset>
  <PAMRasterBand band="1">
    <Description>Layer_1</Description>
    <Metadata>
      <MDI key="LAYER_TYPE">athematic</MDI>
      <MDI key="STATISTICS_MINIMUM">0.92157310247421</MDI>
      <MDI key="STATISTICS_MAXIMUM">0.92655891180038</MDI>
      <MDI key="STATISTICS_MEAN">0.92452719647288</MDI>
      <MDI key="STATISTICS_STDDEV">0.0020896411060867</MDI>
      <MDI key="STATISTICS_SKIPFACTORX">1</MDI>
      <MDI key="STATISTICS_SKIPFACTORY">1</MDI>
      <MDI key="STATISTICS_EXCLUDEDVALUES"></MDI>
      <MDI key="STATISTICS_COVARIANCES">4.36659995224739E-06</MDI>
    </Metadata>
  </PAMRasterBand>
</PAMDataset>
