<PAMDataset>
  <PAMRasterBand band="1">
    <Description>Layer_1</Description>
    <Metadata>
      <MDI key="LAYER_TYPE">athematic</MDI>
      <MDI key="STATISTICS_MINIMUM">0.20960879325867</MDI>
      <MDI key="STATISTICS_MAXIMUM">0.23987171053886</MDI>
      <MDI key="STATISTICS_MEAN">0.22205107392371</MDI>
      <MDI key="STATISTICS_STDDEV">0.013164568639946</MDI>
      <MDI key="STATISTICS_SKIPFACTORX">1</MDI>
      <MDI key="STATISTICS_SKIPFACTORY">1</MDI>
      <MDI key="STATISTICS_EXCLUDEDVALUES"></MDI>
      <MDI key="STATISTICS_COVARIANCES">1.73305867475854E-04</MDI>
    </Metadata>
  </PAMRasterBand>
</PAMDataset>
