<PAMDataset>
  <PAMRasterBand band="1">
    <Description>Layer_1</Description>
    <Metadata>
      <MDI key="LAYER_TYPE">athematic</MDI>
      <MDI key="STATISTICS_MINIMUM">0.92373919487</MDI>
      <MDI key="STATISTICS_MAXIMUM">0.92669397592545</MDI>
      <MDI key="STATISTICS_MEAN">0.92564251876473</MDI>
      <MDI key="STATISTICS_STDDEV">0.0011360168335104</MDI>
      <MDI key="STATISTICS_SKIPFACTORX">1</MDI>
      <MDI key="STATISTICS_SKIPFACTORY">1</MDI>
      <MDI key="STATISTICS_EXCLUDEDVALUES"></MDI>
      <MDI key="STATISTICS_COVARIANCES">1.29053424601894E-06</MDI>
    </Metadata>
  </PAMRasterBand>
</PAMDataset>
