<PAMDataset>
  <PAMRasterBand band="1">
    <Description>Layer_1</Description>
    <Metadata>
      <MDI key="LAYER_TYPE">athematic</MDI>
      <MDI key="STATISTICS_MINIMUM">0.9178050160408</MDI>
      <MDI key="STATISTICS_MAXIMUM">0.92510920763016</MDI>
      <MDI key="STATISTICS_MEAN">0.9225916248858</MDI>
      <MDI key="STATISTICS_STDDEV">0.0027480466223652</MDI>
      <MDI key="STATISTICS_SKIPFACTORX">1</MDI>
      <MDI key="STATISTICS_SKIPFACTORY">1</MDI>
      <MDI key="STATISTICS_EXCLUDEDVALUES"></MDI>
      <MDI key="STATISTICS_COVARIANCES">7.55176023869286E-06</MDI>
    </Metadata>
  </PAMRasterBand>
</PAMDataset>
