<PAMDataset>
  <PAMRasterBand band="1">
    <Description>Layer_1</Description>
    <Metadata>
      <MDI key="LAYER_TYPE">athematic</MDI>
      <MDI key="STATISTICS_MINIMUM">0.91981720924377</MDI>
      <MDI key="STATISTICS_MAXIMUM">0.92661553621292</MDI>
      <MDI key="STATISTICS_MEAN">0.9254736741066</MDI>
      <MDI key="STATISTICS_STDDEV">0.0019744541215743</MDI>
      <MDI key="STATISTICS_SKIPFACTORX">1</MDI>
      <MDI key="STATISTICS_SKIPFACTORY">1</MDI>
      <MDI key="STATISTICS_EXCLUDEDVALUES"></MDI>
      <MDI key="STATISTICS_COVARIANCES">3.89846907820192E-06</MDI>
    </Metadata>
  </PAMRasterBand>
</PAMDataset>
