<PAMDataset>
  <PAMRasterBand band="1">
    <Description>Layer_1</Description>
    <Metadata>
      <MDI key="LAYER_TYPE">athematic</MDI>
      <MDI key="STATISTICS_MINIMUM">0.63512027263641</MDI>
      <MDI key="STATISTICS_MAXIMUM">0.70156979560852</MDI>
      <MDI key="STATISTICS_MEAN">0.68339807903171</MDI>
      <MDI key="STATISTICS_STDDEV">0.016038156678666</MDI>
      <MDI key="STATISTICS_SKIPFACTORX">1</MDI>
      <MDI key="STATISTICS_SKIPFACTORY">1</MDI>
      <MDI key="STATISTICS_EXCLUDEDVALUES"></MDI>
      <MDI key="STATISTICS_COVARIANCES">2.57222469649451E-04</MDI>
    </Metadata>
  </PAMRasterBand>
</PAMDataset>
