<PAMDataset>
  <PAMRasterBand band="1">
    <Description>Layer_1</Description>
    <Metadata>
      <MDI key="LAYER_TYPE">athematic</MDI>
      <MDI key="STATISTICS_MINIMUM">0.17614097893238</MDI>
      <MDI key="STATISTICS_MAXIMUM">0.20725058019161</MDI>
      <MDI key="STATISTICS_MEAN">0.19484536039531</MDI>
      <MDI key="STATISTICS_STDDEV">0.010949622742564</MDI>
      <MDI key="STATISTICS_SKIPFACTORX">1</MDI>
      <MDI key="STATISTICS_SKIPFACTORY">1</MDI>
      <MDI key="STATISTICS_EXCLUDEDVALUES"></MDI>
      <MDI key="STATISTICS_COVARIANCES">1.19894238204484E-04</MDI>
    </Metadata>
  </PAMRasterBand>
</PAMDataset>
