<PAMDataset>
  <PAMRasterBand band="1">
    <Description>Layer_1</Description>
    <Metadata>
      <MDI key="LAYER_TYPE">athematic</MDI>
      <MDI key="STATISTICS_MINIMUM">0.77953749895096</MDI>
      <MDI key="STATISTICS_MAXIMUM">0.81483298540115</MDI>
      <MDI key="STATISTICS_MEAN">0.80314286236763</MDI>
      <MDI key="STATISTICS_STDDEV">0.010375299584571</MDI>
      <MDI key="STATISTICS_SKIPFACTORX">1</MDI>
      <MDI key="STATISTICS_SKIPFACTORY">1</MDI>
      <MDI key="STATISTICS_EXCLUDEDVALUES"></MDI>
      <MDI key="STATISTICS_COVARIANCES">1.07646841469604E-04</MDI>
    </Metadata>
  </PAMRasterBand>
</PAMDataset>
