<PAMDataset>
  <PAMRasterBand band="1">
    <Description>Layer_1</Description>
    <Metadata>
      <MDI key="LAYER_TYPE">athematic</MDI>
      <MDI key="STATISTICS_MINIMUM">0.37667742371559</MDI>
      <MDI key="STATISTICS_MAXIMUM">0.44416803121567</MDI>
      <MDI key="STATISTICS_MEAN">0.41433989509344</MDI>
      <MDI key="STATISTICS_STDDEV">0.017232854494975</MDI>
      <MDI key="STATISTICS_SKIPFACTORX">1</MDI>
      <MDI key="STATISTICS_SKIPFACTORY">1</MDI>
      <MDI key="STATISTICS_EXCLUDEDVALUES"></MDI>
      <MDI key="STATISTICS_COVARIANCES">2.96971274044966E-04</MDI>
    </Metadata>
  </PAMRasterBand>
</PAMDataset>
