<PAMDataset>
  <PAMRasterBand band="1">
    <Description>Layer_1</Description>
    <Metadata>
      <MDI key="LAYER_TYPE">athematic</MDI>
      <MDI key="STATISTICS_MINIMUM">0.12048041075468</MDI>
      <MDI key="STATISTICS_MAXIMUM">0.14205034077168</MDI>
      <MDI key="STATISTICS_MEAN">0.13372709377855</MDI>
      <MDI key="STATISTICS_STDDEV">0.0065903030026464</MDI>
      <MDI key="STATISTICS_SKIPFACTORX">1</MDI>
      <MDI key="STATISTICS_SKIPFACTORY">1</MDI>
      <MDI key="STATISTICS_EXCLUDEDVALUES"></MDI>
      <MDI key="STATISTICS_COVARIANCES">4.34320936666898E-05</MDI>
    </Metadata>
  </PAMRasterBand>
</PAMDataset>
