<PAMDataset>
  <PAMRasterBand band="1">
    <Description>Layer_1</Description>
    <Metadata>
      <MDI key="LAYER_TYPE">athematic</MDI>
      <MDI key="STATISTICS_MINIMUM">0.21355409920216</MDI>
      <MDI key="STATISTICS_MAXIMUM">0.2491427809</MDI>
      <MDI key="STATISTICS_MEAN">0.23741065779179</MDI>
      <MDI key="STATISTICS_STDDEV">0.011532852874329</MDI>
      <MDI key="STATISTICS_SKIPFACTORX">1</MDI>
      <MDI key="STATISTICS_SKIPFACTORY">1</MDI>
      <MDI key="STATISTICS_EXCLUDEDVALUES"></MDI>
      <MDI key="STATISTICS_COVARIANCES">1.33006695420914E-04</MDI>
    </Metadata>
  </PAMRasterBand>
</PAMDataset>
