<PAMDataset>
  <PAMRasterBand band="1">
    <Description>Layer_1</Description>
    <Metadata>
      <MDI key="LAYER_TYPE">athematic</MDI>
      <MDI key="STATISTICS_MINIMUM">0.72613334655762</MDI>
      <MDI key="STATISTICS_MAXIMUM">0.8308727145195</MDI>
      <MDI key="STATISTICS_MEAN">0.76227333521843</MDI>
      <MDI key="STATISTICS_STDDEV">0.033472555045724</MDI>
      <MDI key="STATISTICS_SKIPFACTORX">1</MDI>
      <MDI key="STATISTICS_SKIPFACTORY">1</MDI>
      <MDI key="STATISTICS_EXCLUDEDVALUES"></MDI>
      <MDI key="STATISTICS_COVARIANCES">0.001120411941289</MDI>
    </Metadata>
  </PAMRasterBand>
</PAMDataset>
