<PAMDataset>
  <PAMRasterBand band="1">
    <Description>Layer_1</Description>
    <Metadata>
      <MDI key="LAYER_TYPE">athematic</MDI>
      <MDI key="STATISTICS_MINIMUM">0.91762638092041</MDI>
      <MDI key="STATISTICS_MAXIMUM">0.92665678262711</MDI>
      <MDI key="STATISTICS_MEAN">0.92169942943454</MDI>
      <MDI key="STATISTICS_STDDEV">0.0035250413128848</MDI>
      <MDI key="STATISTICS_SKIPFACTORX">1</MDI>
      <MDI key="STATISTICS_SKIPFACTORY">1</MDI>
      <MDI key="STATISTICS_EXCLUDEDVALUES"></MDI>
      <MDI key="STATISTICS_COVARIANCES">1.24259162575446E-05</MDI>
    </Metadata>
  </PAMRasterBand>
</PAMDataset>
