<PAMDataset>
  <PAMRasterBand band="1">
    <Description>Layer_1</Description>
    <Metadata>
      <MDI key="LAYER_TYPE">athematic</MDI>
      <MDI key="STATISTICS_MINIMUM">0.44740465283394</MDI>
      <MDI key="STATISTICS_MAXIMUM">0.48866561055183</MDI>
      <MDI key="STATISTICS_MEAN">0.46590373131037</MDI>
      <MDI key="STATISTICS_STDDEV">0.017255846077931</MDI>
      <MDI key="STATISTICS_SKIPFACTORX">1</MDI>
      <MDI key="STATISTICS_SKIPFACTORY">1</MDI>
      <MDI key="STATISTICS_EXCLUDEDVALUES"></MDI>
      <MDI key="STATISTICS_COVARIANCES">2.97764223865258E-04</MDI>
    </Metadata>
  </PAMRasterBand>
</PAMDataset>
