<PAMDataset>
  <PAMRasterBand band="1">
    <Description>Layer_1</Description>
    <Metadata>
      <MDI key="LAYER_TYPE">athematic</MDI>
      <MDI key="STATISTICS_MINIMUM">0.66148370504379</MDI>
      <MDI key="STATISTICS_MAXIMUM">0.73198664188385</MDI>
      <MDI key="STATISTICS_MEAN">0.69995298575163</MDI>
      <MDI key="STATISTICS_STDDEV">0.019323116142107</MDI>
      <MDI key="STATISTICS_SKIPFACTORX">1</MDI>
      <MDI key="STATISTICS_SKIPFACTORY">1</MDI>
      <MDI key="STATISTICS_EXCLUDEDVALUES"></MDI>
      <MDI key="STATISTICS_COVARIANCES">3.7338281744136E-04</MDI>
    </Metadata>
  </PAMRasterBand>
</PAMDataset>
