<PAMDataset>
  <PAMRasterBand band="1">
    <Description>Layer_1</Description>
    <Metadata>
      <MDI key="LAYER_TYPE">athematic</MDI>
      <MDI key="STATISTICS_MINIMUM">0.92041164636612</MDI>
      <MDI key="STATISTICS_MAXIMUM">0.92668390274048</MDI>
      <MDI key="STATISTICS_MEAN">0.92608212473989</MDI>
      <MDI key="STATISTICS_STDDEV">0.0012847116143803</MDI>
      <MDI key="STATISTICS_SKIPFACTORX">1</MDI>
      <MDI key="STATISTICS_SKIPFACTORY">1</MDI>
      <MDI key="STATISTICS_EXCLUDEDVALUES"></MDI>
      <MDI key="STATISTICS_COVARIANCES">1.65048393212372E-06</MDI>
    </Metadata>
  </PAMRasterBand>
</PAMDataset>
