<PAMDataset>
  <PAMRasterBand band="1">
    <Description>Layer_1</Description>
    <Metadata>
      <MDI key="LAYER_TYPE">athematic</MDI>
      <MDI key="STATISTICS_MINIMUM">0.26709884405136</MDI>
      <MDI key="STATISTICS_MAXIMUM">0.31058660149574</MDI>
      <MDI key="STATISTICS_MEAN">0.28427122606337</MDI>
      <MDI key="STATISTICS_STDDEV">0.015911178933641</MDI>
      <MDI key="STATISTICS_SKIPFACTORX">1</MDI>
      <MDI key="STATISTICS_SKIPFACTORY">1</MDI>
      <MDI key="STATISTICS_EXCLUDEDVALUES"></MDI>
      <MDI key="STATISTICS_COVARIANCES">2.53165615058357E-04</MDI>
    </Metadata>
  </PAMRasterBand>
</PAMDataset>
