<PAMDataset>
  <PAMRasterBand band="1">
    <Description>Layer_1</Description>
    <Metadata>
      <MDI key="LAYER_TYPE">athematic</MDI>
      <MDI key="STATISTICS_MINIMUM">0.78741431236267</MDI>
      <MDI key="STATISTICS_MAXIMUM">0.81730431318283</MDI>
      <MDI key="STATISTICS_MEAN">0.80733795496225</MDI>
      <MDI key="STATISTICS_STDDEV">0.012044364493513</MDI>
      <MDI key="STATISTICS_SKIPFACTORX">1</MDI>
      <MDI key="STATISTICS_SKIPFACTORY">1</MDI>
      <MDI key="STATISTICS_EXCLUDEDVALUES"></MDI>
      <MDI key="STATISTICS_COVARIANCES">1.45066716052598E-04</MDI>
    </Metadata>
  </PAMRasterBand>
</PAMDataset>
