<PAMDataset>
  <PAMRasterBand band="1">
    <Description>Layer_1</Description>
    <Metadata>
      <MDI key="LAYER_TYPE">athematic</MDI>
      <MDI key="STATISTICS_MINIMUM">0.92419785261154</MDI>
      <MDI key="STATISTICS_MAXIMUM">0.9266939163208</MDI>
      <MDI key="STATISTICS_MEAN">0.92577546750307</MDI>
      <MDI key="STATISTICS_STDDEV">0.00071338777648767</MDI>
      <MDI key="STATISTICS_SKIPFACTORX">1</MDI>
      <MDI key="STATISTICS_SKIPFACTORY">1</MDI>
      <MDI key="STATISTICS_EXCLUDEDVALUES"></MDI>
      <MDI key="STATISTICS_COVARIANCES">5.08922119642027E-07</MDI>
    </Metadata>
  </PAMRasterBand>
</PAMDataset>
