<PAMDataset>
  <PAMRasterBand band="1">
    <Description>Layer_1</Description>
    <Metadata>
      <MDI key="LAYER_TYPE">athematic</MDI>
      <MDI key="STATISTICS_MINIMUM">0.92153215408325</MDI>
      <MDI key="STATISTICS_MAXIMUM">0.92644494771957</MDI>
      <MDI key="STATISTICS_MEAN">0.92380278444886</MDI>
      <MDI key="STATISTICS_STDDEV">0.0019247543349349</MDI>
      <MDI key="STATISTICS_SKIPFACTORX">1</MDI>
      <MDI key="STATISTICS_SKIPFACTORY">1</MDI>
      <MDI key="STATISTICS_EXCLUDEDVALUES"></MDI>
      <MDI key="STATISTICS_COVARIANCES">3.70467924985063E-06</MDI>
    </Metadata>
  </PAMRasterBand>
</PAMDataset>
