<PAMDataset>
  <PAMRasterBand band="1">
    <Description>Layer_1</Description>
    <Metadata>
      <MDI key="LAYER_TYPE">athematic</MDI>
      <MDI key="STATISTICS_MINIMUM">0.61384874582291</MDI>
      <MDI key="STATISTICS_MAXIMUM">0.67827576398849</MDI>
      <MDI key="STATISTICS_MEAN">0.65021008700132</MDI>
      <MDI key="STATISTICS_STDDEV">0.016797239206177</MDI>
      <MDI key="STATISTICS_SKIPFACTORX">1</MDI>
      <MDI key="STATISTICS_SKIPFACTORY">1</MDI>
      <MDI key="STATISTICS_EXCLUDEDVALUES"></MDI>
      <MDI key="STATISTICS_COVARIANCES">2.82147244949516E-04</MDI>
    </Metadata>
  </PAMRasterBand>
</PAMDataset>
