<PAMDataset>
  <PAMRasterBand band="1">
    <Description>Layer_1</Description>
    <Metadata>
      <MDI key="LAYER_TYPE">athematic</MDI>
      <MDI key="STATISTICS_MINIMUM">0.17820203304291</MDI>
      <MDI key="STATISTICS_MAXIMUM">0.20974168181419</MDI>
      <MDI key="STATISTICS_MEAN">0.19138667818904</MDI>
      <MDI key="STATISTICS_STDDEV">0.011915164699298</MDI>
      <MDI key="STATISTICS_SKIPFACTORX">1</MDI>
      <MDI key="STATISTICS_SKIPFACTORY">1</MDI>
      <MDI key="STATISTICS_EXCLUDEDVALUES"></MDI>
      <MDI key="STATISTICS_COVARIANCES">1.41971149811408E-04</MDI>
    </Metadata>
  </PAMRasterBand>
</PAMDataset>
