<PAMDataset>
  <PAMRasterBand band="1">
    <Description>Layer_1</Description>
    <Metadata>
      <MDI key="LAYER_TYPE">athematic</MDI>
      <MDI key="STATISTICS_MINIMUM">0.82880312204361</MDI>
      <MDI key="STATISTICS_MAXIMUM">0.85356116294861</MDI>
      <MDI key="STATISTICS_MEAN">0.84370128839612</MDI>
      <MDI key="STATISTICS_STDDEV">0.010214898141144</MDI>
      <MDI key="STATISTICS_SKIPFACTORX">1</MDI>
      <MDI key="STATISTICS_SKIPFACTORY">1</MDI>
      <MDI key="STATISTICS_EXCLUDEDVALUES"></MDI>
      <MDI key="STATISTICS_COVARIANCES">1.04344144033953E-04</MDI>
    </Metadata>
  </PAMRasterBand>
</PAMDataset>
