<PAMDataset>
  <PAMRasterBand band="1">
    <Description>Layer_1</Description>
    <Metadata>
      <MDI key="LAYER_TYPE">athematic</MDI>
      <MDI key="STATISTICS_MINIMUM">0.42857142857143</MDI>
      <MDI key="STATISTICS_MAXIMUM">0.57142857142857</MDI>
      <MDI key="STATISTICS_MEAN">0.52095714285716</MDI>
      <MDI key="STATISTICS_STDDEV">0.068288398063708</MDI>
      <MDI key="STATISTICS_SKIPFACTORX">1</MDI>
      <MDI key="STATISTICS_SKIPFACTORY">1</MDI>
      <MDI key="STATISTICS_EXCLUDEDVALUES"></MDI>
      <MDI key="STATISTICS_COVARIANCES">4.66330531010747E-03</MDI>
    </Metadata>
  </PAMRasterBand>
</PAMDataset>
