<PAMDataset>
  <PAMRasterBand band="1">
    <Description>Layer_1</Description>
    <Metadata>
      <MDI key="LAYER_TYPE">athematic</MDI>
      <MDI key="STATISTICS_MINIMUM">0.34959745407104</MDI>
      <MDI key="STATISTICS_MAXIMUM">0.3910496532917</MDI>
      <MDI key="STATISTICS_MEAN">0.37672817918062</MDI>
      <MDI key="STATISTICS_STDDEV">0.01618224876134</MDI>
      <MDI key="STATISTICS_SKIPFACTORX">1</MDI>
      <MDI key="STATISTICS_SKIPFACTORY">1</MDI>
      <MDI key="STATISTICS_EXCLUDEDVALUES"></MDI>
      <MDI key="STATISTICS_COVARIANCES">2.61865174973904E-04</MDI>
    </Metadata>
  </PAMRasterBand>
</PAMDataset>
