<PAMDataset>
  <PAMRasterBand band="1">
    <Description>Layer_1</Description>
    <Metadata>
      <MDI key="LAYER_TYPE">athematic</MDI>
      <MDI key="STATISTICS_MINIMUM">0.80942887067795</MDI>
      <MDI key="STATISTICS_MAXIMUM">0.83855736255646</MDI>
      <MDI key="STATISTICS_MEAN">0.83214925631285</MDI>
      <MDI key="STATISTICS_STDDEV">0.0087920144461075</MDI>
      <MDI key="STATISTICS_SKIPFACTORX">1</MDI>
      <MDI key="STATISTICS_SKIPFACTORY">1</MDI>
      <MDI key="STATISTICS_EXCLUDEDVALUES"></MDI>
      <MDI key="STATISTICS_COVARIANCES">7.72995180205621E-05</MDI>
    </Metadata>
  </PAMRasterBand>
</PAMDataset>
