<PAMDataset>
  <PAMRasterBand band="1">
    <Description>Layer_1</Description>
    <Metadata>
      <MDI key="LAYER_TYPE">athematic</MDI>
      <MDI key="STATISTICS_MINIMUM">0.72173810005188</MDI>
      <MDI key="STATISTICS_MAXIMUM">0.78121811151505</MDI>
      <MDI key="STATISTICS_MEAN">0.7707263497889</MDI>
      <MDI key="STATISTICS_STDDEV">0.01593514908346</MDI>
      <MDI key="STATISTICS_SKIPFACTORX">1</MDI>
      <MDI key="STATISTICS_SKIPFACTORY">1</MDI>
      <MDI key="STATISTICS_EXCLUDEDVALUES"></MDI>
      <MDI key="STATISTICS_COVARIANCES">2.53928976312098E-04</MDI>
    </Metadata>
  </PAMRasterBand>
</PAMDataset>
