<PAMDataset>
  <PAMRasterBand band="1">
    <Description>Layer_1</Description>
    <Metadata>
      <MDI key="LAYER_TYPE">athematic</MDI>
      <MDI key="STATISTICS_MINIMUM">0.88500428199768</MDI>
      <MDI key="STATISTICS_MAXIMUM">0.90280830860138</MDI>
      <MDI key="STATISTICS_MEAN">0.89677439280748</MDI>
      <MDI key="STATISTICS_STDDEV">0.0069768779938395</MDI>
      <MDI key="STATISTICS_SKIPFACTORX">1</MDI>
      <MDI key="STATISTICS_SKIPFACTORY">1</MDI>
      <MDI key="STATISTICS_EXCLUDEDVALUES"></MDI>
      <MDI key="STATISTICS_COVARIANCES">4.86768265409214E-05</MDI>
    </Metadata>
  </PAMRasterBand>
</PAMDataset>
