<PAMDataset>
  <PAMRasterBand band="1">
    <Description>Layer_1</Description>
    <Metadata>
      <MDI key="LAYER_TYPE">athematic</MDI>
      <MDI key="STATISTICS_MINIMUM">0.86834847927094</MDI>
      <MDI key="STATISTICS_MAXIMUM">0.91038733720779</MDI>
      <MDI key="STATISTICS_MEAN">0.88183400105834</MDI>
      <MDI key="STATISTICS_STDDEV">0.01409911030831</MDI>
      <MDI key="STATISTICS_SKIPFACTORX">1</MDI>
      <MDI key="STATISTICS_SKIPFACTORY">1</MDI>
      <MDI key="STATISTICS_EXCLUDEDVALUES"></MDI>
      <MDI key="STATISTICS_COVARIANCES">1.98784911485891E-04</MDI>
    </Metadata>
  </PAMRasterBand>
</PAMDataset>
