<PAMDataset>
  <PAMRasterBand band="1">
    <Description>Layer_1</Description>
    <Metadata>
      <MDI key="LAYER_TYPE">athematic</MDI>
      <MDI key="STATISTICS_MINIMUM">0.65951305627823</MDI>
      <MDI key="STATISTICS_MAXIMUM">0.72318249940872</MDI>
      <MDI key="STATISTICS_MEAN">0.71195572761297</MDI>
      <MDI key="STATISTICS_STDDEV">0.016840773672499</MDI>
      <MDI key="STATISTICS_SKIPFACTORX">1</MDI>
      <MDI key="STATISTICS_SKIPFACTORY">1</MDI>
      <MDI key="STATISTICS_EXCLUDEDVALUES"></MDI>
      <MDI key="STATISTICS_COVARIANCES">2.83611657888343E-04</MDI>
    </Metadata>
  </PAMRasterBand>
</PAMDataset>
