<PAMDataset>
  <PAMRasterBand band="1">
    <Description>Layer_1</Description>
    <Metadata>
      <MDI key="LAYER_TYPE">athematic</MDI>
      <MDI key="STATISTICS_MINIMUM">0.66728562116623</MDI>
      <MDI key="STATISTICS_MAXIMUM">0.73746699094772</MDI>
      <MDI key="STATISTICS_MEAN">0.71857978866696</MDI>
      <MDI key="STATISTICS_STDDEV">0.017348154070314</MDI>
      <MDI key="STATISTICS_SKIPFACTORX">1</MDI>
      <MDI key="STATISTICS_SKIPFACTORY">1</MDI>
      <MDI key="STATISTICS_EXCLUDEDVALUES"></MDI>
      <MDI key="STATISTICS_COVARIANCES">3.00958449647339E-04</MDI>
    </Metadata>
  </PAMRasterBand>
</PAMDataset>
