<PAMDataset>
  <PAMRasterBand band="1">
    <Description>Layer_1</Description>
    <Metadata>
      <MDI key="LAYER_TYPE">athematic</MDI>
      <MDI key="STATISTICS_MINIMUM">0.53940188884735</MDI>
      <MDI key="STATISTICS_MAXIMUM">0.61219245195389</MDI>
      <MDI key="STATISTICS_MEAN">0.58663358591795</MDI>
      <MDI key="STATISTICS_STDDEV">0.017644160141995</MDI>
      <MDI key="STATISTICS_SKIPFACTORX">1</MDI>
      <MDI key="STATISTICS_SKIPFACTORY">1</MDI>
      <MDI key="STATISTICS_EXCLUDEDVALUES"></MDI>
      <MDI key="STATISTICS_COVARIANCES">3.11316387116363E-04</MDI>
    </Metadata>
  </PAMRasterBand>
</PAMDataset>
