<PAMDataset>
  <PAMRasterBand band="1">
    <Description>Layer_1</Description>
    <Metadata>
      <MDI key="LAYER_TYPE">athematic</MDI>
      <MDI key="STATISTICS_MINIMUM">0.6512696146965</MDI>
      <MDI key="STATISTICS_MAXIMUM">0.69099366664886</MDI>
      <MDI key="STATISTICS_MEAN">0.68190093748569</MDI>
      <MDI key="STATISTICS_STDDEV">0.012414392270478</MDI>
      <MDI key="STATISTICS_SKIPFACTORX">1</MDI>
      <MDI key="STATISTICS_SKIPFACTORY">1</MDI>
      <MDI key="STATISTICS_EXCLUDEDVALUES"></MDI>
      <MDI key="STATISTICS_COVARIANCES">1.54117135445309E-04</MDI>
    </Metadata>
  </PAMRasterBand>
</PAMDataset>
