<PAMDataset>
  <PAMRasterBand band="1">
    <Description>Layer_1</Description>
    <Metadata>
      <MDI key="LAYER_TYPE">athematic</MDI>
      <MDI key="STATISTICS_MINIMUM">0.92159777879715</MDI>
      <MDI key="STATISTICS_MAXIMUM">0.92669403553009</MDI>
      <MDI key="STATISTICS_MEAN">0.92521642890573</MDI>
      <MDI key="STATISTICS_STDDEV">0.0015415987834858</MDI>
      <MDI key="STATISTICS_SKIPFACTORX">1</MDI>
      <MDI key="STATISTICS_SKIPFACTORY">1</MDI>
      <MDI key="STATISTICS_EXCLUDEDVALUES"></MDI>
      <MDI key="STATISTICS_COVARIANCES">2.3765268092448E-06</MDI>
    </Metadata>
  </PAMRasterBand>
</PAMDataset>
