<PAMDataset>
  <PAMRasterBand band="1">
    <Description>Layer_1</Description>
    <Metadata>
      <MDI key="LAYER_TYPE">athematic</MDI>
      <MDI key="STATISTICS_MINIMUM">0.11111283302307</MDI>
      <MDI key="STATISTICS_MAXIMUM">0.13277260959148</MDI>
      <MDI key="STATISTICS_MEAN">0.11885860587284</MDI>
      <MDI key="STATISTICS_STDDEV">0.0077950943459884</MDI>
      <MDI key="STATISTICS_SKIPFACTORX">1</MDI>
      <MDI key="STATISTICS_SKIPFACTORY">1</MDI>
      <MDI key="STATISTICS_EXCLUDEDVALUES"></MDI>
      <MDI key="STATISTICS_COVARIANCES">6.07634958628604E-05</MDI>
    </Metadata>
  </PAMRasterBand>
</PAMDataset>
