<PAMDataset>
  <PAMRasterBand band="1">
    <Description>Layer_1</Description>
    <Metadata>
      <MDI key="LAYER_TYPE">athematic</MDI>
      <MDI key="STATISTICS_MINIMUM">0.61416155099869</MDI>
      <MDI key="STATISTICS_MAXIMUM">0.69079715013504</MDI>
      <MDI key="STATISTICS_MEAN">0.66390160634518</MDI>
      <MDI key="STATISTICS_STDDEV">0.017394981236813</MDI>
      <MDI key="STATISTICS_SKIPFACTORX">1</MDI>
      <MDI key="STATISTICS_SKIPFACTORY">1</MDI>
      <MDI key="STATISTICS_EXCLUDEDVALUES"></MDI>
      <MDI key="STATISTICS_COVARIANCES">3.02585372229092E-04</MDI>
    </Metadata>
  </PAMRasterBand>
</PAMDataset>
