<PAMDataset>
  <PAMRasterBand band="1">
    <Description>Layer_1</Description>
    <Metadata>
      <MDI key="LAYER_TYPE">athematic</MDI>
      <MDI key="STATISTICS_MINIMUM">0.45858815312386</MDI>
      <MDI key="STATISTICS_MAXIMUM">0.53934580087662</MDI>
      <MDI key="STATISTICS_MEAN">0.50262185344398</MDI>
      <MDI key="STATISTICS_STDDEV">0.021710233488553</MDI>
      <MDI key="STATISTICS_SKIPFACTORX">1</MDI>
      <MDI key="STATISTICS_SKIPFACTORY">1</MDI>
      <MDI key="STATISTICS_EXCLUDEDVALUES"></MDI>
      <MDI key="STATISTICS_COVARIANCES">4.7133423812751E-04</MDI>
    </Metadata>
  </PAMRasterBand>
</PAMDataset>
