<PAMDataset>
  <PAMRasterBand band="1">
    <Description>Layer_1</Description>
    <Metadata>
      <MDI key="LAYER_TYPE">athematic</MDI>
      <MDI key="STATISTICS_MINIMUM">0</MDI>
      <MDI key="STATISTICS_MAXIMUM">0.14285714285714</MDI>
      <MDI key="STATISTICS_MEAN">0.13405714285713</MDI>
      <MDI key="STATISTICS_STDDEV">0.034348520189787</MDI>
      <MDI key="STATISTICS_SKIPFACTORX">1</MDI>
      <MDI key="STATISTICS_SKIPFACTORY">1</MDI>
      <MDI key="STATISTICS_EXCLUDEDVALUES"></MDI>
      <MDI key="STATISTICS_COVARIANCES">1.17982083922821E-03</MDI>
    </Metadata>
  </PAMRasterBand>
</PAMDataset>
