<PAMDataset>
  <PAMRasterBand band="1">
    <Description>Layer_1</Description>
    <Metadata>
      <MDI key="LAYER_TYPE">athematic</MDI>
      <MDI key="STATISTICS_MINIMUM">0.63280791044235</MDI>
      <MDI key="STATISTICS_MAXIMUM">0.67532747983932</MDI>
      <MDI key="STATISTICS_MEAN">0.66637900665998</MDI>
      <MDI key="STATISTICS_STDDEV">0.012250612027175</MDI>
      <MDI key="STATISTICS_SKIPFACTORX">1</MDI>
      <MDI key="STATISTICS_SKIPFACTORY">1</MDI>
      <MDI key="STATISTICS_EXCLUDEDVALUES"></MDI>
      <MDI key="STATISTICS_COVARIANCES">1.50077495040374E-04</MDI>
    </Metadata>
  </PAMRasterBand>
</PAMDataset>
