<PAMDataset>
  <PAMRasterBand band="1">
    <Description>Layer_1</Description>
    <Metadata>
      <MDI key="LAYER_TYPE">athematic</MDI>
      <MDI key="STATISTICS_MINIMUM">0.91397124528885</MDI>
      <MDI key="STATISTICS_MAXIMUM">0.92640203237534</MDI>
      <MDI key="STATISTICS_MEAN">0.92006144129634</MDI>
      <MDI key="STATISTICS_STDDEV">0.0041240500855548</MDI>
      <MDI key="STATISTICS_SKIPFACTORX">1</MDI>
      <MDI key="STATISTICS_SKIPFACTORY">1</MDI>
      <MDI key="STATISTICS_EXCLUDEDVALUES"></MDI>
      <MDI key="STATISTICS_COVARIANCES">1.70077891081644E-05</MDI>
    </Metadata>
  </PAMRasterBand>
</PAMDataset>
