<PAMDataset>
  <PAMRasterBand band="1">
    <Description>Layer_1</Description>
    <Metadata>
      <MDI key="LAYER_TYPE">athematic</MDI>
      <MDI key="STATISTICS_MINIMUM">0.84203940629959</MDI>
      <MDI key="STATISTICS_MAXIMUM">0.89571708440781</MDI>
      <MDI key="STATISTICS_MEAN">0.88143139765263</MDI>
      <MDI key="STATISTICS_STDDEV">0.016112332386289</MDI>
      <MDI key="STATISTICS_SKIPFACTORX">1</MDI>
      <MDI key="STATISTICS_SKIPFACTORY">1</MDI>
      <MDI key="STATISTICS_EXCLUDEDVALUES"></MDI>
      <MDI key="STATISTICS_COVARIANCES">2.59607254926272E-04</MDI>
    </Metadata>
  </PAMRasterBand>
</PAMDataset>
