<PAMDataset>
  <PAMRasterBand band="1">
    <Description>Layer_1</Description>
    <Metadata>
      <MDI key="LAYER_TYPE">athematic</MDI>
      <MDI key="STATISTICS_MINIMUM">0.3112213909626</MDI>
      <MDI key="STATISTICS_MAXIMUM">0.37634953856468</MDI>
      <MDI key="STATISTICS_MEAN">0.34896182561815</MDI>
      <MDI key="STATISTICS_STDDEV">0.016389499280243</MDI>
      <MDI key="STATISTICS_SKIPFACTORX">1</MDI>
      <MDI key="STATISTICS_SKIPFACTORY">1</MDI>
      <MDI key="STATISTICS_EXCLUDEDVALUES"></MDI>
      <MDI key="STATISTICS_COVARIANCES">2.68615686657097E-04</MDI>
    </Metadata>
  </PAMRasterBand>
</PAMDataset>
