<PAMDataset>
  <PAMRasterBand band="1">
    <Description>Layer_1</Description>
    <Metadata>
      <MDI key="LAYER_TYPE">athematic</MDI>
      <MDI key="STATISTICS_MINIMUM">0.10404451936483</MDI>
      <MDI key="STATISTICS_MAXIMUM">0.11717591434717</MDI>
      <MDI key="STATISTICS_MEAN">0.11167758781686</MDI>
      <MDI key="STATISTICS_STDDEV">0.0046567464671539</MDI>
      <MDI key="STATISTICS_SKIPFACTORX">1</MDI>
      <MDI key="STATISTICS_SKIPFACTORY">1</MDI>
      <MDI key="STATISTICS_EXCLUDEDVALUES"></MDI>
      <MDI key="STATISTICS_COVARIANCES">2.16852876593503E-05</MDI>
    </Metadata>
  </PAMRasterBand>
</PAMDataset>
