<PAMDataset>
  <PAMRasterBand band="1">
    <Description>Layer_1</Description>
    <Metadata>
      <MDI key="LAYER_TYPE">athematic</MDI>
      <MDI key="STATISTICS_MINIMUM">0.20572140812874</MDI>
      <MDI key="STATISTICS_MAXIMUM">0.23797209560871</MDI>
      <MDI key="STATISTICS_MEAN">0.22450496816933</MDI>
      <MDI key="STATISTICS_STDDEV">0.010421711895081</MDI>
      <MDI key="STATISTICS_SKIPFACTORX">1</MDI>
      <MDI key="STATISTICS_SKIPFACTORY">1</MDI>
      <MDI key="STATISTICS_EXCLUDEDVALUES"></MDI>
      <MDI key="STATISTICS_COVARIANCES">1.08612078824071E-04</MDI>
    </Metadata>
  </PAMRasterBand>
</PAMDataset>
