<PAMDataset>
  <PAMRasterBand band="1">
    <Description>Layer_1</Description>
    <Metadata>
      <MDI key="LAYER_TYPE">athematic</MDI>
      <MDI key="STATISTICS_MINIMUM">0.71428571428571</MDI>
      <MDI key="STATISTICS_MAXIMUM">0.71428571428571</MDI>
      <MDI key="STATISTICS_MEAN">0.71428571428557</MDI>
      <MDI key="STATISTICS_STDDEV">5.3908498261248e-007</MDI>
      <MDI key="STATISTICS_SKIPFACTORX">1</MDI>
      <MDI key="STATISTICS_SKIPFACTORY">1</MDI>
      <MDI key="STATISTICS_EXCLUDEDVALUES"></MDI>
      <MDI key="STATISTICS_COVARIANCES">2.90612618478298E-13</MDI>
    </Metadata>
  </PAMRasterBand>
</PAMDataset>
