<PAMDataset>
  <PAMRasterBand band="1">
    <Description>Layer_1</Description>
    <Metadata>
      <MDI key="LAYER_TYPE">athematic</MDI>
      <MDI key="STATISTICS_MINIMUM">0.24502468109131</MDI>
      <MDI key="STATISTICS_MAXIMUM">0.2931544482708</MDI>
      <MDI key="STATISTICS_MEAN">0.27230683226287</MDI>
      <MDI key="STATISTICS_STDDEV">0.013271957690829</MDI>
      <MDI key="STATISTICS_SKIPFACTORX">1</MDI>
      <MDI key="STATISTICS_SKIPFACTORY">1</MDI>
      <MDI key="STATISTICS_EXCLUDEDVALUES"></MDI>
      <MDI key="STATISTICS_COVARIANCES">1.76144860947162E-04</MDI>
    </Metadata>
  </PAMRasterBand>
</PAMDataset>
