<PAMDataset>
  <PAMRasterBand band="1">
    <Description>Layer_1</Description>
    <Metadata>
      <MDI key="LAYER_TYPE">athematic</MDI>
      <MDI key="STATISTICS_MINIMUM">0.67801606655121</MDI>
      <MDI key="STATISTICS_MAXIMUM">0.80523079633713</MDI>
      <MDI key="STATISTICS_MEAN">0.74778340095878</MDI>
      <MDI key="STATISTICS_STDDEV">0.033829258813486</MDI>
      <MDI key="STATISTICS_SKIPFACTORX">1</MDI>
      <MDI key="STATISTICS_SKIPFACTORY">1</MDI>
      <MDI key="STATISTICS_EXCLUDEDVALUES"></MDI>
      <MDI key="STATISTICS_COVARIANCES">1.14441875186983E-03</MDI>
    </Metadata>
  </PAMRasterBand>
</PAMDataset>
