<PAMDataset>
  <PAMRasterBand band="1">
    <Description>Layer_1</Description>
    <Metadata>
      <MDI key="LAYER_TYPE">athematic</MDI>
      <MDI key="STATISTICS_MINIMUM">0.92487931251526</MDI>
      <MDI key="STATISTICS_MAXIMUM">0.92668622732162</MDI>
      <MDI key="STATISTICS_MEAN">0.92613774424791</MDI>
      <MDI key="STATISTICS_STDDEV">0.00057256970499508</MDI>
      <MDI key="STATISTICS_SKIPFACTORX">1</MDI>
      <MDI key="STATISTICS_SKIPFACTORY">1</MDI>
      <MDI key="STATISTICS_EXCLUDEDVALUES"></MDI>
      <MDI key="STATISTICS_COVARIANCES">3.27836067078147E-07</MDI>
    </Metadata>
  </PAMRasterBand>
</PAMDataset>
