<PAMDataset>
  <PAMRasterBand band="1">
    <Description>Layer_1</Description>
    <Metadata>
      <MDI key="LAYER_TYPE">athematic</MDI>
      <MDI key="STATISTICS_MINIMUM">0.91231495141983</MDI>
      <MDI key="STATISTICS_MAXIMUM">0.92575496435165</MDI>
      <MDI key="STATISTICS_MEAN">0.92031953073144</MDI>
      <MDI key="STATISTICS_STDDEV">0.003465159079652</MDI>
      <MDI key="STATISTICS_SKIPFACTORX">1</MDI>
      <MDI key="STATISTICS_SKIPFACTORY">1</MDI>
      <MDI key="STATISTICS_EXCLUDEDVALUES"></MDI>
      <MDI key="STATISTICS_COVARIANCES">1.20073274472949E-05</MDI>
    </Metadata>
  </PAMRasterBand>
</PAMDataset>
