<PAMDataset>
  <PAMRasterBand band="1">
    <Description>Layer_1</Description>
    <Metadata>
      <MDI key="LAYER_TYPE">athematic</MDI>
      <MDI key="STATISTICS_MINIMUM">0.92236751317978</MDI>
      <MDI key="STATISTICS_MAXIMUM">0.92644983530045</MDI>
      <MDI key="STATISTICS_MEAN">0.9250520191431</MDI>
      <MDI key="STATISTICS_STDDEV">0.0016236585096553</MDI>
      <MDI key="STATISTICS_SKIPFACTORX">1</MDI>
      <MDI key="STATISTICS_SKIPFACTORY">1</MDI>
      <MDI key="STATISTICS_EXCLUDEDVALUES"></MDI>
      <MDI key="STATISTICS_COVARIANCES">2.63626695597595E-06</MDI>
    </Metadata>
  </PAMRasterBand>
</PAMDataset>
