<PAMDataset>
  <PAMRasterBand band="1">
    <Description>Layer_1</Description>
    <Metadata>
      <MDI key="LAYER_TYPE">athematic</MDI>
      <MDI key="STATISTICS_MINIMUM">0.28757756948471</MDI>
      <MDI key="STATISTICS_MAXIMUM">0.35062432289124</MDI>
      <MDI key="STATISTICS_MEAN">0.31887970742285</MDI>
      <MDI key="STATISTICS_STDDEV">0.015967097244325</MDI>
      <MDI key="STATISTICS_SKIPFACTORX">1</MDI>
      <MDI key="STATISTICS_SKIPFACTORY">1</MDI>
      <MDI key="STATISTICS_EXCLUDEDVALUES"></MDI>
      <MDI key="STATISTICS_COVARIANCES">2.54948194409734E-04</MDI>
    </Metadata>
  </PAMRasterBand>
</PAMDataset>
