<PAMDataset>
  <PAMRasterBand band="1">
    <Description>Layer_1</Description>
    <Metadata>
      <MDI key="LAYER_TYPE">athematic</MDI>
      <MDI key="STATISTICS_MINIMUM">0.8822865486145</MDI>
      <MDI key="STATISTICS_MAXIMUM">0.91226434707642</MDI>
      <MDI key="STATISTICS_MEAN">0.89975147512555</MDI>
      <MDI key="STATISTICS_STDDEV">0.0078739792889931</MDI>
      <MDI key="STATISTICS_SKIPFACTORX">1</MDI>
      <MDI key="STATISTICS_SKIPFACTORY">1</MDI>
      <MDI key="STATISTICS_EXCLUDEDVALUES"></MDI>
      <MDI key="STATISTICS_COVARIANCES">6.19995498434919E-05</MDI>
    </Metadata>
  </PAMRasterBand>
</PAMDataset>
