<PAMDataset>
  <PAMRasterBand band="1">
    <Description>Layer_1</Description>
    <Metadata>
      <MDI key="LAYER_TYPE">athematic</MDI>
      <MDI key="STATISTICS_MINIMUM">0.87875628471375</MDI>
      <MDI key="STATISTICS_MAXIMUM">0.92117595672607</MDI>
      <MDI key="STATISTICS_MEAN">0.91160126066208</MDI>
      <MDI key="STATISTICS_STDDEV">0.012123476279992</MDI>
      <MDI key="STATISTICS_SKIPFACTORX">1</MDI>
      <MDI key="STATISTICS_SKIPFACTORY">1</MDI>
      <MDI key="STATISTICS_EXCLUDEDVALUES"></MDI>
      <MDI key="STATISTICS_COVARIANCES">1.46978677111521E-04</MDI>
    </Metadata>
  </PAMRasterBand>
</PAMDataset>
