<PAMDataset>
  <PAMRasterBand band="1">
    <Description>Layer_1</Description>
    <Metadata>
      <MDI key="LAYER_TYPE">athematic</MDI>
      <MDI key="STATISTICS_MINIMUM">0.81361001729965</MDI>
      <MDI key="STATISTICS_MAXIMUM">0.86717301607132</MDI>
      <MDI key="STATISTICS_MEAN">0.8560194195807</MDI>
      <MDI key="STATISTICS_STDDEV">0.014610984744122</MDI>
      <MDI key="STATISTICS_SKIPFACTORX">1</MDI>
      <MDI key="STATISTICS_SKIPFACTORY">1</MDI>
      <MDI key="STATISTICS_EXCLUDEDVALUES"></MDI>
      <MDI key="STATISTICS_COVARIANCES">2.13480875192962E-04</MDI>
    </Metadata>
  </PAMRasterBand>
</PAMDataset>
