<PAMDataset>
  <PAMRasterBand band="1">
    <Description>Layer_1</Description>
    <Metadata>
      <MDI key="LAYER_TYPE">athematic</MDI>
      <MDI key="STATISTICS_MINIMUM">0.92234933376312</MDI>
      <MDI key="STATISTICS_MAXIMUM">0.92669367790222</MDI>
      <MDI key="STATISTICS_MEAN">0.92506143253446</MDI>
      <MDI key="STATISTICS_STDDEV">0.0015008061581694</MDI>
      <MDI key="STATISTICS_SKIPFACTORX">1</MDI>
      <MDI key="STATISTICS_SKIPFACTORY">1</MDI>
      <MDI key="STATISTICS_EXCLUDEDVALUES"></MDI>
      <MDI key="STATISTICS_COVARIANCES">2.25241912439905E-06</MDI>
    </Metadata>
  </PAMRasterBand>
</PAMDataset>
