<PAMDataset>
  <PAMRasterBand band="1">
    <Description>Layer_1</Description>
    <Metadata>
      <MDI key="LAYER_TYPE">athematic</MDI>
      <MDI key="STATISTICS_MINIMUM">0.90813219547272</MDI>
      <MDI key="STATISTICS_MAXIMUM">0.92484903335571</MDI>
      <MDI key="STATISTICS_MEAN">0.92130578799248</MDI>
      <MDI key="STATISTICS_STDDEV">0.0051260197808875</MDI>
      <MDI key="STATISTICS_SKIPFACTORX">1</MDI>
      <MDI key="STATISTICS_SKIPFACTORY">1</MDI>
      <MDI key="STATISTICS_EXCLUDEDVALUES"></MDI>
      <MDI key="STATISTICS_COVARIANCES">2.62760787940503E-05</MDI>
    </Metadata>
  </PAMRasterBand>
</PAMDataset>
