<PAMDataset>
  <PAMRasterBand band="1">
    <Description>Layer_1</Description>
    <Metadata>
      <MDI key="LAYER_TYPE">athematic</MDI>
      <MDI key="STATISTICS_MINIMUM">0.47743046283722</MDI>
      <MDI key="STATISTICS_MAXIMUM">0.53807651996613</MDI>
      <MDI key="STATISTICS_MEAN">0.50804386083782</MDI>
      <MDI key="STATISTICS_STDDEV">0.020141404056324</MDI>
      <MDI key="STATISTICS_SKIPFACTORX">1</MDI>
      <MDI key="STATISTICS_SKIPFACTORY">1</MDI>
      <MDI key="STATISTICS_EXCLUDEDVALUES"></MDI>
      <MDI key="STATISTICS_COVARIANCES">4.05676157360097E-04</MDI>
    </Metadata>
  </PAMRasterBand>
</PAMDataset>
