<PAMDataset>
  <PAMRasterBand band="1">
    <Description>Layer_1</Description>
    <Metadata>
      <MDI key="LAYER_TYPE">athematic</MDI>
      <MDI key="STATISTICS_MINIMUM">0.74250626564026</MDI>
      <MDI key="STATISTICS_MAXIMUM">0.81905198097229</MDI>
      <MDI key="STATISTICS_MEAN">0.79868210495114</MDI>
      <MDI key="STATISTICS_STDDEV">0.023637061167638</MDI>
      <MDI key="STATISTICS_SKIPFACTORX">1</MDI>
      <MDI key="STATISTICS_SKIPFACTORY">1</MDI>
      <MDI key="STATISTICS_EXCLUDEDVALUES"></MDI>
      <MDI key="STATISTICS_COVARIANCES">5.58710660642641E-04</MDI>
    </Metadata>
  </PAMRasterBand>
</PAMDataset>
