<PAMDataset>
  <PAMRasterBand band="1">
    <Description>Layer_1</Description>
    <Metadata>
      <MDI key="LAYER_TYPE">athematic</MDI>
      <MDI key="STATISTICS_MINIMUM">0.22320394217968</MDI>
      <MDI key="STATISTICS_MAXIMUM">0.25325465202332</MDI>
      <MDI key="STATISTICS_MEAN">0.24275734664649</MDI>
      <MDI key="STATISTICS_STDDEV">0.012412516094917</MDI>
      <MDI key="STATISTICS_SKIPFACTORX">1</MDI>
      <MDI key="STATISTICS_SKIPFACTORY">1</MDI>
      <MDI key="STATISTICS_EXCLUDEDVALUES"></MDI>
      <MDI key="STATISTICS_COVARIANCES">1.54070555806571E-04</MDI>
    </Metadata>
  </PAMRasterBand>
</PAMDataset>
