<PAMDataset>
  <PAMRasterBand band="1">
    <Description>Layer_1</Description>
    <Metadata>
      <MDI key="LAYER_TYPE">athematic</MDI>
      <MDI key="STATISTICS_MINIMUM">0.85558235645294</MDI>
      <MDI key="STATISTICS_MAXIMUM">0.90134525299072</MDI>
      <MDI key="STATISTICS_MEAN">0.88474380780458</MDI>
      <MDI key="STATISTICS_STDDEV">0.012476909799495</MDI>
      <MDI key="STATISTICS_SKIPFACTORX">1</MDI>
      <MDI key="STATISTICS_SKIPFACTORY">1</MDI>
      <MDI key="STATISTICS_EXCLUDEDVALUES"></MDI>
      <MDI key="STATISTICS_COVARIANCES">1.55673278144737E-04</MDI>
    </Metadata>
  </PAMRasterBand>
</PAMDataset>
