<PAMDataset>
  <PAMRasterBand band="1">
    <Description>Layer_1</Description>
    <Metadata>
      <MDI key="LAYER_TYPE">athematic</MDI>
      <MDI key="STATISTICS_MINIMUM">0.66907274723053</MDI>
      <MDI key="STATISTICS_MAXIMUM">0.73292273283005</MDI>
      <MDI key="STATISTICS_MEAN">0.71814153054953</MDI>
      <MDI key="STATISTICS_STDDEV">0.015075147567777</MDI>
      <MDI key="STATISTICS_SKIPFACTORX">1</MDI>
      <MDI key="STATISTICS_SKIPFACTORY">1</MDI>
      <MDI key="STATISTICS_EXCLUDEDVALUES"></MDI>
      <MDI key="STATISTICS_COVARIANCES">2.27260074190244E-04</MDI>
    </Metadata>
  </PAMRasterBand>
</PAMDataset>
