<PAMDataset>
  <PAMRasterBand band="1">
    <Description>Layer_1</Description>
    <Metadata>
      <MDI key="LAYER_TYPE">athematic</MDI>
      <MDI key="STATISTICS_MINIMUM">0.3918844461441</MDI>
      <MDI key="STATISTICS_MAXIMUM">0.46569356322289</MDI>
      <MDI key="STATISTICS_MEAN">0.43393116882741</MDI>
      <MDI key="STATISTICS_STDDEV">0.020706263993723</MDI>
      <MDI key="STATISTICS_SKIPFACTORX">1</MDI>
      <MDI key="STATISTICS_SKIPFACTORY">1</MDI>
      <MDI key="STATISTICS_EXCLUDEDVALUES"></MDI>
      <MDI key="STATISTICS_COVARIANCES">4.2874936857776E-04</MDI>
    </Metadata>
  </PAMRasterBand>
</PAMDataset>
