<PAMDataset>
  <PAMRasterBand band="1">
    <Description>Layer_1</Description>
    <Metadata>
      <MDI key="LAYER_TYPE">athematic</MDI>
      <MDI key="STATISTICS_MINIMUM">0.7883009314537</MDI>
      <MDI key="STATISTICS_MAXIMUM">0.84294211864471</MDI>
      <MDI key="STATISTICS_MEAN">0.82036192308664</MDI>
      <MDI key="STATISTICS_STDDEV">0.014782429257192</MDI>
      <MDI key="STATISTICS_SKIPFACTORX">1</MDI>
      <MDI key="STATISTICS_SKIPFACTORY">1</MDI>
      <MDI key="STATISTICS_EXCLUDEDVALUES"></MDI>
      <MDI key="STATISTICS_COVARIANCES">2.18520214743877E-04</MDI>
    </Metadata>
  </PAMRasterBand>
</PAMDataset>
