<?xml version="1.0" encoding="UTF-8"?>
<metadata xml:lang="en"><Esri><CreaDate>20150427</CreaDate><CreaTime>12415400</CreaTime><ArcGISFormat>1.0</ArcGISFormat><SyncOnce>TRUE</SyncOnce><DataProperties><itemProps><itemLocation><linkage Sync="TRUE">file://\\GIS-LAB-15\D$\SOD-modeling\layers\weather\1991_c43.img</linkage><protocol Sync="TRUE">Local Area Network</protocol></itemLocation></itemProps><copyHistory><copy source="P:\geospatial\Research\rkmeente\SOD\Tangible Landscape\GIS\weather\tmean\C\1991_c43.img" dest="\\GIS-LAB-15\D$\SOD-modeling\layers\weather\1991_c43.img" date="20150427" time="12415400"></copy></copyHistory></DataProperties></Esri></metadata>
