<PAMDataset>
  <PAMRasterBand band="1">
    <Description>Layer_1</Description>
    <Metadata>
      <MDI key="LAYER_TYPE">athematic</MDI>
      <MDI key="STATISTICS_MINIMUM">0.30987811088562</MDI>
      <MDI key="STATISTICS_MAXIMUM">0.35333529114723</MDI>
      <MDI key="STATISTICS_MEAN">0.33243863508701</MDI>
      <MDI key="STATISTICS_STDDEV">0.012669464672983</MDI>
      <MDI key="STATISTICS_SKIPFACTORX">1</MDI>
      <MDI key="STATISTICS_SKIPFACTORY">1</MDI>
      <MDI key="STATISTICS_EXCLUDEDVALUES"></MDI>
      <MDI key="STATISTICS_COVARIANCES">1.60515335099956E-04</MDI>
    </Metadata>
  </PAMRasterBand>
</PAMDataset>
