<PAMDataset>
  <PAMRasterBand band="1">
    <Description>Layer_1</Description>
    <Metadata>
      <MDI key="LAYER_TYPE">athematic</MDI>
      <MDI key="STATISTICS_MINIMUM">0.42494893074036</MDI>
      <MDI key="STATISTICS_MAXIMUM">0.47728469967842</MDI>
      <MDI key="STATISTICS_MEAN">0.4586847750932</MDI>
      <MDI key="STATISTICS_STDDEV">0.014963159404039</MDI>
      <MDI key="STATISTICS_SKIPFACTORX">1</MDI>
      <MDI key="STATISTICS_SKIPFACTORY">1</MDI>
      <MDI key="STATISTICS_EXCLUDEDVALUES"></MDI>
      <MDI key="STATISTICS_COVARIANCES">2.23896139350666E-04</MDI>
    </Metadata>
  </PAMRasterBand>
</PAMDataset>
