<PAMDataset>
  <PAMRasterBand band="1">
    <Description>Layer_1</Description>
    <Metadata>
      <MDI key="LAYER_TYPE">athematic</MDI>
      <MDI key="STATISTICS_MINIMUM">0.14443008601665</MDI>
      <MDI key="STATISTICS_MAXIMUM">0.16937272250652</MDI>
      <MDI key="STATISTICS_MEAN">0.15496124162525</MDI>
      <MDI key="STATISTICS_STDDEV">0.0096294023826786</MDI>
      <MDI key="STATISTICS_SKIPFACTORX">1</MDI>
      <MDI key="STATISTICS_SKIPFACTORY">1</MDI>
      <MDI key="STATISTICS_EXCLUDEDVALUES"></MDI>
      <MDI key="STATISTICS_COVARIANCES">9.27253902475359E-05</MDI>
    </Metadata>
  </PAMRasterBand>
</PAMDataset>
