<PAMDataset>
  <PAMRasterBand band="1">
    <Description>Layer_1</Description>
    <Metadata>
      <MDI key="LAYER_TYPE">athematic</MDI>
      <MDI key="STATISTICS_MINIMUM">0.91625171899796</MDI>
      <MDI key="STATISTICS_MAXIMUM">0.92663079500198</MDI>
      <MDI key="STATISTICS_MEAN">0.92423577482104</MDI>
      <MDI key="STATISTICS_STDDEV">0.0025825113027003</MDI>
      <MDI key="STATISTICS_SKIPFACTORX">1</MDI>
      <MDI key="STATISTICS_SKIPFACTORY">1</MDI>
      <MDI key="STATISTICS_EXCLUDEDVALUES"></MDI>
      <MDI key="STATISTICS_COVARIANCES">6.66936462857475E-06</MDI>
    </Metadata>
  </PAMRasterBand>
</PAMDataset>
