<PAMDataset>
  <PAMRasterBand band="1">
    <Description>Layer_1</Description>
    <Metadata>
      <MDI key="LAYER_TYPE">athematic</MDI>
      <MDI key="STATISTICS_MINIMUM">0.61054909229279</MDI>
      <MDI key="STATISTICS_MAXIMUM">0.67420357465744</MDI>
      <MDI key="STATISTICS_MEAN">0.64790978608131</MDI>
      <MDI key="STATISTICS_STDDEV">0.016603766142926</MDI>
      <MDI key="STATISTICS_SKIPFACTORX">1</MDI>
      <MDI key="STATISTICS_SKIPFACTORY">1</MDI>
      <MDI key="STATISTICS_EXCLUDEDVALUES"></MDI>
      <MDI key="STATISTICS_COVARIANCES">2.75685050128979E-04</MDI>
    </Metadata>
  </PAMRasterBand>
</PAMDataset>
