<PAMDataset>
  <PAMRasterBand band="1">
    <Description>Layer_1</Description>
    <Metadata>
      <MDI key="LAYER_TYPE">athematic</MDI>
      <MDI key="STATISTICS_MINIMUM">0.91937828063965</MDI>
      <MDI key="STATISTICS_MAXIMUM">0.92669403553009</MDI>
      <MDI key="STATISTICS_MEAN">0.92552980739474</MDI>
      <MDI key="STATISTICS_STDDEV">0.0020647599885816</MDI>
      <MDI key="STATISTICS_SKIPFACTORX">1</MDI>
      <MDI key="STATISTICS_SKIPFACTORY">1</MDI>
      <MDI key="STATISTICS_EXCLUDEDVALUES"></MDI>
      <MDI key="STATISTICS_COVARIANCES">4.26323381044736E-06</MDI>
    </Metadata>
  </PAMRasterBand>
</PAMDataset>
