<PAMDataset>
  <PAMRasterBand band="1">
    <Description>Layer_1</Description>
    <Metadata>
      <MDI key="LAYER_TYPE">athematic</MDI>
      <MDI key="STATISTICS_MINIMUM">0.58624428510666</MDI>
      <MDI key="STATISTICS_MAXIMUM">0.63095092773438</MDI>
      <MDI key="STATISTICS_MEAN">0.61827673920393</MDI>
      <MDI key="STATISTICS_STDDEV">0.012811927388278</MDI>
      <MDI key="STATISTICS_SKIPFACTORX">1</MDI>
      <MDI key="STATISTICS_SKIPFACTORY">1</MDI>
      <MDI key="STATISTICS_EXCLUDEDVALUES"></MDI>
      <MDI key="STATISTICS_COVARIANCES">1.64145483402503E-04</MDI>
    </Metadata>
  </PAMRasterBand>
</PAMDataset>
