<PAMDataset>
  <PAMRasterBand band="1">
    <Description>Layer_1</Description>
    <Metadata>
      <MDI key="LAYER_TYPE">athematic</MDI>
      <MDI key="STATISTICS_MINIMUM">0.47943496704102</MDI>
      <MDI key="STATISTICS_MAXIMUM">0.53043365478516</MDI>
      <MDI key="STATISTICS_MEAN">0.50623726478815</MDI>
      <MDI key="STATISTICS_STDDEV">0.014155966829004</MDI>
      <MDI key="STATISTICS_SKIPFACTORX">1</MDI>
      <MDI key="STATISTICS_SKIPFACTORY">1</MDI>
      <MDI key="STATISTICS_EXCLUDEDVALUES"></MDI>
      <MDI key="STATISTICS_COVARIANCES">2.00391396863866E-04</MDI>
    </Metadata>
  </PAMRasterBand>
</PAMDataset>
