<PAMDataset>
  <PAMRasterBand band="1">
    <Description>Layer_1</Description>
    <Metadata>
      <MDI key="LAYER_TYPE">athematic</MDI>
      <MDI key="STATISTICS_MINIMUM">0.87628203630447</MDI>
      <MDI key="STATISTICS_MAXIMUM">0.91377532482147</MDI>
      <MDI key="STATISTICS_MEAN">0.90082878326774</MDI>
      <MDI key="STATISTICS_STDDEV">0.0095754994726174</MDI>
      <MDI key="STATISTICS_SKIPFACTORX">1</MDI>
      <MDI key="STATISTICS_SKIPFACTORY">1</MDI>
      <MDI key="STATISTICS_EXCLUDEDVALUES"></MDI>
      <MDI key="STATISTICS_COVARIANCES">9.16901901500953E-05</MDI>
    </Metadata>
  </PAMRasterBand>
</PAMDataset>
