<PAMDataset>
  <PAMRasterBand band="1">
    <Description>Layer_1</Description>
    <Metadata>
      <MDI key="LAYER_TYPE">athematic</MDI>
      <MDI key="STATISTICS_MINIMUM">0.18466852605343</MDI>
      <MDI key="STATISTICS_MAXIMUM">0.22629196941853</MDI>
      <MDI key="STATISTICS_MEAN">0.20796174105704</MDI>
      <MDI key="STATISTICS_STDDEV">0.011677831857697</MDI>
      <MDI key="STATISTICS_SKIPFACTORX">1</MDI>
      <MDI key="STATISTICS_SKIPFACTORY">1</MDI>
      <MDI key="STATISTICS_EXCLUDEDVALUES"></MDI>
      <MDI key="STATISTICS_COVARIANCES">1.36371756896645E-04</MDI>
    </Metadata>
  </PAMRasterBand>
</PAMDataset>
