<PAMDataset>
  <PAMRasterBand band="1">
    <Description>Layer_1</Description>
    <Metadata>
      <MDI key="LAYER_TYPE">athematic</MDI>
      <MDI key="STATISTICS_MINIMUM">0.30738201737404</MDI>
      <MDI key="STATISTICS_MAXIMUM">0.34965923428535</MDI>
      <MDI key="STATISTICS_MEAN">0.33271039651632</MDI>
      <MDI key="STATISTICS_STDDEV">0.014678580198927</MDI>
      <MDI key="STATISTICS_SKIPFACTORX">1</MDI>
      <MDI key="STATISTICS_SKIPFACTORY">1</MDI>
      <MDI key="STATISTICS_EXCLUDEDVALUES"></MDI>
      <MDI key="STATISTICS_COVARIANCES">2.15460716656325E-04</MDI>
    </Metadata>
  </PAMRasterBand>
</PAMDataset>
