<PAMDataset>
  <PAMRasterBand band="1">
    <Description>Layer_1</Description>
    <Metadata>
      <MDI key="LAYER_TYPE">athematic</MDI>
      <MDI key="STATISTICS_MINIMUM">0.21536146104336</MDI>
      <MDI key="STATISTICS_MAXIMUM">0.26965498924255</MDI>
      <MDI key="STATISTICS_MEAN">0.24486395049691</MDI>
      <MDI key="STATISTICS_STDDEV">0.014226155419691</MDI>
      <MDI key="STATISTICS_SKIPFACTORX">1</MDI>
      <MDI key="STATISTICS_SKIPFACTORY">1</MDI>
      <MDI key="STATISTICS_EXCLUDEDVALUES"></MDI>
      <MDI key="STATISTICS_COVARIANCES">2.02383498025197E-04</MDI>
    </Metadata>
  </PAMRasterBand>
</PAMDataset>
