<PAMDataset>
  <PAMRasterBand band="1">
    <Description>Layer_1</Description>
    <Metadata>
      <MDI key="LAYER_TYPE">athematic</MDI>
      <MDI key="STATISTICS_MINIMUM">0.25195816159248</MDI>
      <MDI key="STATISTICS_MAXIMUM">0.31509032845497</MDI>
      <MDI key="STATISTICS_MEAN">0.28771270084679</MDI>
      <MDI key="STATISTICS_STDDEV">0.014857795116143</MDI>
      <MDI key="STATISTICS_SKIPFACTORX">1</MDI>
      <MDI key="STATISTICS_SKIPFACTORY">1</MDI>
      <MDI key="STATISTICS_EXCLUDEDVALUES"></MDI>
      <MDI key="STATISTICS_COVARIANCES">2.20754075713296E-04</MDI>
    </Metadata>
  </PAMRasterBand>
</PAMDataset>
