<PAMDataset>
  <PAMRasterBand band="1">
    <Description>Layer_1</Description>
    <Metadata>
      <MDI key="LAYER_TYPE">athematic</MDI>
      <MDI key="STATISTICS_MINIMUM">0.23937538266182</MDI>
      <MDI key="STATISTICS_MAXIMUM">0.27854919433594</MDI>
      <MDI key="STATISTICS_MEAN">0.25419050033391</MDI>
      <MDI key="STATISTICS_STDDEV">0.014586034728155</MDI>
      <MDI key="STATISTICS_SKIPFACTORX">1</MDI>
      <MDI key="STATISTICS_SKIPFACTORY">1</MDI>
      <MDI key="STATISTICS_EXCLUDEDVALUES"></MDI>
      <MDI key="STATISTICS_COVARIANCES">2.12752409090945E-04</MDI>
    </Metadata>
  </PAMRasterBand>
</PAMDataset>
