<PAMDataset>
  <PAMRasterBand band="1">
    <Description>Layer_1</Description>
    <Metadata>
      <MDI key="LAYER_TYPE">athematic</MDI>
      <MDI key="STATISTICS_MINIMUM">0.60818934440613</MDI>
      <MDI key="STATISTICS_MAXIMUM">0.67229431867599</MDI>
      <MDI key="STATISTICS_MEAN">0.65653013579845</MDI>
      <MDI key="STATISTICS_STDDEV">0.014222351988028</MDI>
      <MDI key="STATISTICS_SKIPFACTORX">1</MDI>
      <MDI key="STATISTICS_SKIPFACTORY">1</MDI>
      <MDI key="STATISTICS_EXCLUDEDVALUES"></MDI>
      <MDI key="STATISTICS_COVARIANCES">2.0227529607137E-04</MDI>
    </Metadata>
  </PAMRasterBand>
</PAMDataset>
