<PAMDataset>
  <PAMRasterBand band="1">
    <Description>Layer_1</Description>
    <Metadata>
      <MDI key="LAYER_TYPE">athematic</MDI>
      <MDI key="STATISTICS_MINIMUM">0.82142752408981</MDI>
      <MDI key="STATISTICS_MAXIMUM">0.87777405977249</MDI>
      <MDI key="STATISTICS_MEAN">0.86675595201254</MDI>
      <MDI key="STATISTICS_STDDEV">0.014368338349209</MDI>
      <MDI key="STATISTICS_SKIPFACTORX">1</MDI>
      <MDI key="STATISTICS_SKIPFACTORY">1</MDI>
      <MDI key="STATISTICS_EXCLUDEDVALUES"></MDI>
      <MDI key="STATISTICS_COVARIANCES">2.06449146917346E-04</MDI>
    </Metadata>
  </PAMRasterBand>
</PAMDataset>
