<PAMDataset>
  <PAMRasterBand band="1">
    <Description>Layer_1</Description>
    <Metadata>
      <MDI key="LAYER_TYPE">athematic</MDI>
      <MDI key="STATISTICS_MINIMUM">0.92450404167175</MDI>
      <MDI key="STATISTICS_MAXIMUM">0.92669403553009</MDI>
      <MDI key="STATISTICS_MEAN">0.92602685474753</MDI>
      <MDI key="STATISTICS_STDDEV">0.00076391394583064</MDI>
      <MDI key="STATISTICS_SKIPFACTORX">1</MDI>
      <MDI key="STATISTICS_SKIPFACTORY">1</MDI>
      <MDI key="STATISTICS_EXCLUDEDVALUES"></MDI>
      <MDI key="STATISTICS_COVARIANCES">5.83564516634542E-07</MDI>
    </Metadata>
  </PAMRasterBand>
</PAMDataset>
