<PAMDataset>
  <PAMRasterBand band="1">
    <Description>Layer_1</Description>
    <Metadata>
      <MDI key="LAYER_TYPE">athematic</MDI>
      <MDI key="STATISTICS_MINIMUM">0.60252070426941</MDI>
      <MDI key="STATISTICS_MAXIMUM">0.6482127904892</MDI>
      <MDI key="STATISTICS_MEAN">0.63402112804055</MDI>
      <MDI key="STATISTICS_STDDEV">0.01260011066696</MDI>
      <MDI key="STATISTICS_SKIPFACTORX">1</MDI>
      <MDI key="STATISTICS_SKIPFACTORY">1</MDI>
      <MDI key="STATISTICS_EXCLUDEDVALUES"></MDI>
      <MDI key="STATISTICS_COVARIANCES">1.58762788819637E-04</MDI>
    </Metadata>
  </PAMRasterBand>
</PAMDataset>
