<PAMDataset>
  <PAMRasterBand band="1">
    <Description>Layer_1</Description>
    <Metadata>
      <MDI key="LAYER_TYPE">athematic</MDI>
      <MDI key="STATISTICS_MINIMUM">0.53794765472412</MDI>
      <MDI key="STATISTICS_MAXIMUM">0.60014539957047</MDI>
      <MDI key="STATISTICS_MEAN">0.57769186834693</MDI>
      <MDI key="STATISTICS_STDDEV">0.018088850151029</MDI>
      <MDI key="STATISTICS_SKIPFACTORX">1</MDI>
      <MDI key="STATISTICS_SKIPFACTORY">1</MDI>
      <MDI key="STATISTICS_EXCLUDEDVALUES"></MDI>
      <MDI key="STATISTICS_COVARIANCES">3.27206499786389E-04</MDI>
    </Metadata>
  </PAMRasterBand>
</PAMDataset>
