<PAMDataset>
  <PAMRasterBand band="1">
    <Description>Layer_1</Description>
    <Metadata>
      <MDI key="LAYER_TYPE">athematic</MDI>
      <MDI key="STATISTICS_MINIMUM">0.48273351788521</MDI>
      <MDI key="STATISTICS_MAXIMUM">0.55357021093369</MDI>
      <MDI key="STATISTICS_MEAN">0.52005852612853</MDI>
      <MDI key="STATISTICS_STDDEV">0.020263053693055</MDI>
      <MDI key="STATISTICS_SKIPFACTORX">1</MDI>
      <MDI key="STATISTICS_SKIPFACTORY">1</MDI>
      <MDI key="STATISTICS_EXCLUDEDVALUES"></MDI>
      <MDI key="STATISTICS_COVARIANCES">4.10591344967639E-04</MDI>
    </Metadata>
  </PAMRasterBand>
</PAMDataset>
