<PAMDataset>
  <PAMRasterBand band="1">
    <Description>Layer_1</Description>
    <Metadata>
      <MDI key="LAYER_TYPE">athematic</MDI>
      <MDI key="STATISTICS_MINIMUM">0.39565694332123</MDI>
      <MDI key="STATISTICS_MAXIMUM">0.45136523246765</MDI>
      <MDI key="STATISTICS_MEAN">0.4281604272455</MDI>
      <MDI key="STATISTICS_STDDEV">0.014914101390183</MDI>
      <MDI key="STATISTICS_SKIPFACTORX">1</MDI>
      <MDI key="STATISTICS_SKIPFACTORY">1</MDI>
      <MDI key="STATISTICS_EXCLUDEDVALUES"></MDI>
      <MDI key="STATISTICS_COVARIANCES">2.22430420276666E-04</MDI>
    </Metadata>
  </PAMRasterBand>
</PAMDataset>
