<PAMDataset>
  <PAMRasterBand band="1">
    <Description>Layer_1</Description>
    <Metadata>
      <MDI key="LAYER_TYPE">athematic</MDI>
      <MDI key="STATISTICS_MINIMUM">0.32425725460052</MDI>
      <MDI key="STATISTICS_MAXIMUM">0.3665883243084</MDI>
      <MDI key="STATISTICS_MEAN">0.34329099859893</MDI>
      <MDI key="STATISTICS_STDDEV">0.017031669964704</MDI>
      <MDI key="STATISTICS_SKIPFACTORX">1</MDI>
      <MDI key="STATISTICS_SKIPFACTORY">1</MDI>
      <MDI key="STATISTICS_EXCLUDEDVALUES"></MDI>
      <MDI key="STATISTICS_COVARIANCES">2.90077781786616E-04</MDI>
    </Metadata>
  </PAMRasterBand>
</PAMDataset>
