<PAMDataset>
  <PAMRasterBand band="1">
    <Description>Layer_1</Description>
    <Metadata>
      <MDI key="LAYER_TYPE">athematic</MDI>
      <MDI key="STATISTICS_MINIMUM">0</MDI>
      <MDI key="STATISTICS_MAXIMUM">0.14285714285714</MDI>
      <MDI key="STATISTICS_MEAN">0.0096142857142857</MDI>
      <MDI key="STATISTICS_STDDEV">0.035793337568053</MDI>
      <MDI key="STATISTICS_SKIPFACTORX">1</MDI>
      <MDI key="STATISTICS_SKIPFACTORY">1</MDI>
      <MDI key="STATISTICS_EXCLUDEDVALUES"></MDI>
      <MDI key="STATISTICS_COVARIANCES">1.28116301426062E-03</MDI>
    </Metadata>
  </PAMRasterBand>
</PAMDataset>
