<PAMDataset>
  <PAMRasterBand band="1">
    <Description>Layer_1</Description>
    <Metadata>
      <MDI key="LAYER_TYPE">athematic</MDI>
      <MDI key="STATISTICS_MINIMUM">0.41355049610138</MDI>
      <MDI key="STATISTICS_MAXIMUM">0.47736388444901</MDI>
      <MDI key="STATISTICS_MEAN">0.44559208011031</MDI>
      <MDI key="STATISTICS_STDDEV">0.015843967503123</MDI>
      <MDI key="STATISTICS_SKIPFACTORX">1</MDI>
      <MDI key="STATISTICS_SKIPFACTORY">1</MDI>
      <MDI key="STATISTICS_EXCLUDEDVALUES"></MDI>
      <MDI key="STATISTICS_COVARIANCES">2.51031306240011E-04</MDI>
    </Metadata>
  </PAMRasterBand>
</PAMDataset>
