<PAMDataset>
  <PAMRasterBand band="1">
    <Description>Layer_1</Description>
    <Metadata>
      <MDI key="LAYER_TYPE">athematic</MDI>
      <MDI key="STATISTICS_MINIMUM">0.33422228693962</MDI>
      <MDI key="STATISTICS_MAXIMUM">0.37448993325233</MDI>
      <MDI key="STATISTICS_MEAN">0.35997146571279</MDI>
      <MDI key="STATISTICS_STDDEV">0.014800820521233</MDI>
      <MDI key="STATISTICS_SKIPFACTORX">1</MDI>
      <MDI key="STATISTICS_SKIPFACTORY">1</MDI>
      <MDI key="STATISTICS_EXCLUDEDVALUES"></MDI>
      <MDI key="STATISTICS_COVARIANCES">2.19064288101754E-04</MDI>
    </Metadata>
  </PAMRasterBand>
</PAMDataset>
