<PAMDataset>
  <PAMRasterBand band="1">
    <Description>Layer_1</Description>
    <Metadata>
      <MDI key="LAYER_TYPE">athematic</MDI>
      <MDI key="STATISTICS_MINIMUM">0.88180130720139</MDI>
      <MDI key="STATISTICS_MAXIMUM">0.90888428688049</MDI>
      <MDI key="STATISTICS_MEAN">0.89280139049292</MDI>
      <MDI key="STATISTICS_STDDEV">0.0084157706737389</MDI>
      <MDI key="STATISTICS_SKIPFACTORX">1</MDI>
      <MDI key="STATISTICS_SKIPFACTORY">1</MDI>
      <MDI key="STATISTICS_EXCLUDEDVALUES"></MDI>
      <MDI key="STATISTICS_COVARIANCES">7.08251960329633E-05</MDI>
    </Metadata>
  </PAMRasterBand>
</PAMDataset>
