<PAMDataset>
  <PAMRasterBand band="1">
    <Description>Layer_1</Description>
    <Metadata>
      <MDI key="LAYER_TYPE">athematic</MDI>
      <MDI key="STATISTICS_MINIMUM">0</MDI>
      <MDI key="STATISTICS_MAXIMUM">0.14285714285714</MDI>
      <MDI key="STATISTICS_MEAN">0.13741428571427</MDI>
      <MDI key="STATISTICS_STDDEV">0.027349609259456</MDI>
      <MDI key="STATISTICS_SKIPFACTORX">1</MDI>
      <MDI key="STATISTICS_SKIPFACTORY">1</MDI>
      <MDI key="STATISTICS_EXCLUDEDVALUES"></MDI>
      <MDI key="STATISTICS_COVARIANCES">7.4800112664491E-04</MDI>
    </Metadata>
  </PAMRasterBand>
</PAMDataset>
