<PAMDataset>
  <PAMRasterBand band="1">
    <Description>Layer_1</Description>
    <Metadata>
      <MDI key="LAYER_TYPE">athematic</MDI>
      <MDI key="STATISTICS_MINIMUM">0.90998965501785</MDI>
      <MDI key="STATISTICS_MAXIMUM">0.92556726932526</MDI>
      <MDI key="STATISTICS_MEAN">0.92134516787529</MDI>
      <MDI key="STATISTICS_STDDEV">0.0040797500287087</MDI>
      <MDI key="STATISTICS_SKIPFACTORX">1</MDI>
      <MDI key="STATISTICS_SKIPFACTORY">1</MDI>
      <MDI key="STATISTICS_EXCLUDEDVALUES"></MDI>
      <MDI key="STATISTICS_COVARIANCES">1.66443602967486E-05</MDI>
    </Metadata>
  </PAMRasterBand>
</PAMDataset>
