<PAMDataset>
  <PAMRasterBand band="1">
    <Description>Layer_1</Description>
    <Metadata>
      <MDI key="LAYER_TYPE">athematic</MDI>
      <MDI key="STATISTICS_MINIMUM">0.46901506185532</MDI>
      <MDI key="STATISTICS_MAXIMUM">0.51698368787766</MDI>
      <MDI key="STATISTICS_MEAN">0.50168506810963</MDI>
      <MDI key="STATISTICS_STDDEV">0.012732842999339</MDI>
      <MDI key="STATISTICS_SKIPFACTORX">1</MDI>
      <MDI key="STATISTICS_SKIPFACTORY">1</MDI>
      <MDI key="STATISTICS_EXCLUDEDVALUES"></MDI>
      <MDI key="STATISTICS_COVARIANCES">1.62125290845819E-04</MDI>
    </Metadata>
  </PAMRasterBand>
</PAMDataset>
