<PAMDataset>
  <PAMRasterBand band="1">
    <Description>Layer_1</Description>
    <Metadata>
      <MDI key="LAYER_TYPE">athematic</MDI>
      <MDI key="STATISTICS_MINIMUM">0.91363382339478</MDI>
      <MDI key="STATISTICS_MAXIMUM">0.92641800642014</MDI>
      <MDI key="STATISTICS_MEAN">0.91972141372561</MDI>
      <MDI key="STATISTICS_STDDEV">0.0040931687741161</MDI>
      <MDI key="STATISTICS_SKIPFACTORX">1</MDI>
      <MDI key="STATISTICS_SKIPFACTORY">1</MDI>
      <MDI key="STATISTICS_EXCLUDEDVALUES"></MDI>
      <MDI key="STATISTICS_COVARIANCES">1.67540306133989E-05</MDI>
    </Metadata>
  </PAMRasterBand>
</PAMDataset>
