<PAMDataset>
  <PAMRasterBand band="1">
    <Description>Layer_1</Description>
    <Metadata>
      <MDI key="LAYER_TYPE">athematic</MDI>
      <MDI key="STATISTICS_MINIMUM">0.91039770841599</MDI>
      <MDI key="STATISTICS_MAXIMUM">0.92453026771545</MDI>
      <MDI key="STATISTICS_MEAN">0.91876241099834</MDI>
      <MDI key="STATISTICS_STDDEV">0.0042609995661278</MDI>
      <MDI key="STATISTICS_SKIPFACTORX">1</MDI>
      <MDI key="STATISTICS_SKIPFACTORY">1</MDI>
      <MDI key="STATISTICS_EXCLUDEDVALUES"></MDI>
      <MDI key="STATISTICS_COVARIANCES">1.81561173025411E-05</MDI>
    </Metadata>
  </PAMRasterBand>
</PAMDataset>
