<PAMDataset>
  <PAMRasterBand band="1">
    <Description>Layer_1</Description>
    <Metadata>
      <MDI key="LAYER_TYPE">athematic</MDI>
      <MDI key="STATISTICS_MINIMUM">0.87768059968948</MDI>
      <MDI key="STATISTICS_MAXIMUM">0.92236685752869</MDI>
      <MDI key="STATISTICS_MEAN">0.91224118417501</MDI>
      <MDI key="STATISTICS_STDDEV">0.012410559965847</MDI>
      <MDI key="STATISTICS_SKIPFACTORX">1</MDI>
      <MDI key="STATISTICS_SKIPFACTORY">1</MDI>
      <MDI key="STATISTICS_EXCLUDEDVALUES"></MDI>
      <MDI key="STATISTICS_COVARIANCES">1.54021998665891E-04</MDI>
    </Metadata>
  </PAMRasterBand>
</PAMDataset>
