<PAMDataset>
  <PAMRasterBand band="1">
    <Description>Layer_1</Description>
    <Metadata>
      <MDI key="LAYER_TYPE">athematic</MDI>
      <MDI key="STATISTICS_MINIMUM">0.92494118213654</MDI>
      <MDI key="STATISTICS_MAXIMUM">0.92669379711151</MDI>
      <MDI key="STATISTICS_MEAN">0.92592014254928</MDI>
      <MDI key="STATISTICS_STDDEV">0.00054730862293527</MDI>
      <MDI key="STATISTICS_SKIPFACTORX">1</MDI>
      <MDI key="STATISTICS_SKIPFACTORY">1</MDI>
      <MDI key="STATISTICS_EXCLUDEDVALUES"></MDI>
      <MDI key="STATISTICS_COVARIANCES">2.99546728739307E-07</MDI>
    </Metadata>
  </PAMRasterBand>
</PAMDataset>
