<PAMDataset>
  <PAMRasterBand band="1">
    <Description>Layer_1</Description>
    <Metadata>
      <MDI key="LAYER_TYPE">athematic</MDI>
      <MDI key="STATISTICS_MINIMUM">0.61233180761337</MDI>
      <MDI key="STATISTICS_MAXIMUM">0.67738300561905</MDI>
      <MDI key="STATISTICS_MEAN">0.66200792423487</MDI>
      <MDI key="STATISTICS_STDDEV">0.015186036486195</MDI>
      <MDI key="STATISTICS_SKIPFACTORX">1</MDI>
      <MDI key="STATISTICS_SKIPFACTORY">1</MDI>
      <MDI key="STATISTICS_EXCLUDEDVALUES"></MDI>
      <MDI key="STATISTICS_COVARIANCES">2.30615704160052E-04</MDI>
    </Metadata>
  </PAMRasterBand>
</PAMDataset>
