<PAMDataset>
  <PAMRasterBand band="1">
    <Description>Layer_1</Description>
    <Metadata>
      <MDI key="LAYER_TYPE">athematic</MDI>
      <MDI key="STATISTICS_MINIMUM">0.55712133646011</MDI>
      <MDI key="STATISTICS_MAXIMUM">0.60509210824966</MDI>
      <MDI key="STATISTICS_MEAN">0.5908258287549</MDI>
      <MDI key="STATISTICS_STDDEV">0.012943692990485</MDI>
      <MDI key="STATISTICS_SKIPFACTORX">1</MDI>
      <MDI key="STATISTICS_SKIPFACTORY">1</MDI>
      <MDI key="STATISTICS_EXCLUDEDVALUES"></MDI>
      <MDI key="STATISTICS_COVARIANCES">1.67539188231928E-04</MDI>
    </Metadata>
  </PAMRasterBand>
</PAMDataset>
