<PAMDataset>
  <PAMRasterBand band="1">
    <Description>Layer_1</Description>
    <Metadata>
      <MDI key="LAYER_TYPE">athematic</MDI>
      <MDI key="STATISTICS_MINIMUM">0.56884318590164</MDI>
      <MDI key="STATISTICS_MAXIMUM">0.62183153629303</MDI>
      <MDI key="STATISTICS_MEAN">0.60817488591075</MDI>
      <MDI key="STATISTICS_STDDEV">0.015669868127029</MDI>
      <MDI key="STATISTICS_SKIPFACTORX">1</MDI>
      <MDI key="STATISTICS_SKIPFACTORY">1</MDI>
      <MDI key="STATISTICS_EXCLUDEDVALUES"></MDI>
      <MDI key="STATISTICS_COVARIANCES">2.45544767118471E-04</MDI>
    </Metadata>
  </PAMRasterBand>
</PAMDataset>
