<PAMDataset>
  <PAMRasterBand band="1">
    <Description>Layer_1</Description>
    <Metadata>
      <MDI key="LAYER_TYPE">athematic</MDI>
      <MDI key="STATISTICS_MINIMUM">0.82813453674316</MDI>
      <MDI key="STATISTICS_MAXIMUM">0.88702762126923</MDI>
      <MDI key="STATISTICS_MEAN">0.84379103713036</MDI>
      <MDI key="STATISTICS_STDDEV">0.020350277306415</MDI>
      <MDI key="STATISTICS_SKIPFACTORX">1</MDI>
      <MDI key="STATISTICS_SKIPFACTORY">1</MDI>
      <MDI key="STATISTICS_EXCLUDEDVALUES"></MDI>
      <MDI key="STATISTICS_COVARIANCES">4.14133786447988E-04</MDI>
    </Metadata>
  </PAMRasterBand>
</PAMDataset>
