<PAMDataset>
  <PAMRasterBand band="1">
    <Description>Layer_1</Description>
    <Metadata>
      <MDI key="LAYER_TYPE">athematic</MDI>
      <MDI key="STATISTICS_MINIMUM">0.91337203979492</MDI>
      <MDI key="STATISTICS_MAXIMUM">0.92668581008911</MDI>
      <MDI key="STATISTICS_MEAN">0.91833658387065</MDI>
      <MDI key="STATISTICS_STDDEV">0.0048886737500268</MDI>
      <MDI key="STATISTICS_SKIPFACTORX">1</MDI>
      <MDI key="STATISTICS_SKIPFACTORY">1</MDI>
      <MDI key="STATISTICS_EXCLUDEDVALUES"></MDI>
      <MDI key="STATISTICS_COVARIANCES">2.38991310342013E-05</MDI>
    </Metadata>
  </PAMRasterBand>
</PAMDataset>
