<PAMDataset>
  <PAMRasterBand band="1">
    <Description>Layer_1</Description>
    <Metadata>
      <MDI key="LAYER_TYPE">athematic</MDI>
      <MDI key="STATISTICS_MINIMUM">0.90628838539124</MDI>
      <MDI key="STATISTICS_MAXIMUM">0.92427814006805</MDI>
      <MDI key="STATISTICS_MEAN">0.915734654814</MDI>
      <MDI key="STATISTICS_STDDEV">0.0049007766087888</MDI>
      <MDI key="STATISTICS_SKIPFACTORX">1</MDI>
      <MDI key="STATISTICS_SKIPFACTORY">1</MDI>
      <MDI key="STATISTICS_EXCLUDEDVALUES"></MDI>
      <MDI key="STATISTICS_COVARIANCES">2.40176113692516E-05</MDI>
    </Metadata>
  </PAMRasterBand>
</PAMDataset>
