<PAMDataset>
  <PAMRasterBand band="1">
    <Description>Layer_1</Description>
    <Metadata>
      <MDI key="LAYER_TYPE">athematic</MDI>
      <MDI key="STATISTICS_MINIMUM">0.55105340480804</MDI>
      <MDI key="STATISTICS_MAXIMUM">0.61354440450668</MDI>
      <MDI key="STATISTICS_MEAN">0.59185996309519</MDI>
      <MDI key="STATISTICS_STDDEV">0.016473495432655</MDI>
      <MDI key="STATISTICS_SKIPFACTORX">1</MDI>
      <MDI key="STATISTICS_SKIPFACTORY">1</MDI>
      <MDI key="STATISTICS_EXCLUDEDVALUES"></MDI>
      <MDI key="STATISTICS_COVARIANCES">2.71376051769714E-04</MDI>
    </Metadata>
  </PAMRasterBand>
</PAMDataset>
