<PAMDataset>
  <PAMRasterBand band="1">
    <Description>Layer_1</Description>
    <Metadata>
      <MDI key="LAYER_TYPE">athematic</MDI>
      <MDI key="STATISTICS_MINIMUM">0.85462337732315</MDI>
      <MDI key="STATISTICS_MAXIMUM">0.90034329891205</MDI>
      <MDI key="STATISTICS_MEAN">0.89262129995227</MDI>
      <MDI key="STATISTICS_STDDEV">0.010566463469914</MDI>
      <MDI key="STATISTICS_SKIPFACTORX">1</MDI>
      <MDI key="STATISTICS_SKIPFACTORY">1</MDI>
      <MDI key="STATISTICS_EXCLUDEDVALUES"></MDI>
      <MDI key="STATISTICS_COVARIANCES">1.11650150261035E-04</MDI>
    </Metadata>
  </PAMRasterBand>
</PAMDataset>
