<PAMDataset>
  <PAMRasterBand band="1">
    <Description>Layer_1</Description>
    <Metadata>
      <MDI key="LAYER_TYPE">athematic</MDI>
      <MDI key="STATISTICS_MINIMUM">0.62647652626038</MDI>
      <MDI key="STATISTICS_MAXIMUM">0.69209229946136</MDI>
      <MDI key="STATISTICS_MEAN">0.6696975532949</MDI>
      <MDI key="STATISTICS_STDDEV">0.014961766660416</MDI>
      <MDI key="STATISTICS_SKIPFACTORX">1</MDI>
      <MDI key="STATISTICS_SKIPFACTORY">1</MDI>
      <MDI key="STATISTICS_EXCLUDEDVALUES"></MDI>
      <MDI key="STATISTICS_COVARIANCES">2.23854461600737E-04</MDI>
    </Metadata>
  </PAMRasterBand>
</PAMDataset>
