<PAMDataset>
  <PAMRasterBand band="1">
    <Description>Layer_1</Description>
    <Metadata>
      <MDI key="LAYER_TYPE">athematic</MDI>
      <MDI key="STATISTICS_MINIMUM">0.91742783784866</MDI>
      <MDI key="STATISTICS_MAXIMUM">0.92658179998398</MDI>
      <MDI key="STATISTICS_MEAN">0.92323478642106</MDI>
      <MDI key="STATISTICS_STDDEV">0.0025278590434897</MDI>
      <MDI key="STATISTICS_SKIPFACTORX">1</MDI>
      <MDI key="STATISTICS_SKIPFACTORY">1</MDI>
      <MDI key="STATISTICS_EXCLUDEDVALUES"></MDI>
      <MDI key="STATISTICS_COVARIANCES">6.39007134375286E-06</MDI>
    </Metadata>
  </PAMRasterBand>
</PAMDataset>
