<PAMDataset>
  <PAMRasterBand band="1">
    <Description>Layer_1</Description>
    <Metadata>
      <MDI key="LAYER_TYPE">athematic</MDI>
      <MDI key="STATISTICS_MINIMUM">0.78505611419678</MDI>
      <MDI key="STATISTICS_MAXIMUM">0.85124510526657</MDI>
      <MDI key="STATISTICS_MEAN">0.83236686987281</MDI>
      <MDI key="STATISTICS_STDDEV">0.019922573918676</MDI>
      <MDI key="STATISTICS_SKIPFACTORX">1</MDI>
      <MDI key="STATISTICS_SKIPFACTORY">1</MDI>
      <MDI key="STATISTICS_EXCLUDEDVALUES"></MDI>
      <MDI key="STATISTICS_COVARIANCES">3.96908951545119E-04</MDI>
    </Metadata>
  </PAMRasterBand>
</PAMDataset>
