<PAMDataset>
  <PAMRasterBand band="1">
    <Description>Layer_1</Description>
    <Metadata>
      <MDI key="LAYER_TYPE">athematic</MDI>
      <MDI key="STATISTICS_MINIMUM">0.89974516630173</MDI>
      <MDI key="STATISTICS_MAXIMUM">0.92197811603546</MDI>
      <MDI key="STATISTICS_MEAN">0.90677986706495</MDI>
      <MDI key="STATISTICS_STDDEV">0.0070691018400078</MDI>
      <MDI key="STATISTICS_SKIPFACTORX">1</MDI>
      <MDI key="STATISTICS_SKIPFACTORY">1</MDI>
      <MDI key="STATISTICS_EXCLUDEDVALUES"></MDI>
      <MDI key="STATISTICS_COVARIANCES">4.99722008244018E-05</MDI>
    </Metadata>
  </PAMRasterBand>
</PAMDataset>
