<PAMDataset>
  <PAMRasterBand band="1">
    <Description>Layer_1</Description>
    <Metadata>
      <MDI key="LAYER_TYPE">athematic</MDI>
      <MDI key="STATISTICS_MINIMUM">0.62522184848785</MDI>
      <MDI key="STATISTICS_MAXIMUM">0.66601097583771</MDI>
      <MDI key="STATISTICS_MEAN">0.64763258504868</MDI>
      <MDI key="STATISTICS_STDDEV">0.012724090822988</MDI>
      <MDI key="STATISTICS_SKIPFACTORX">1</MDI>
      <MDI key="STATISTICS_SKIPFACTORY">1</MDI>
      <MDI key="STATISTICS_EXCLUDEDVALUES"></MDI>
      <MDI key="STATISTICS_COVARIANCES">1.61902487271647E-04</MDI>
    </Metadata>
  </PAMRasterBand>
</PAMDataset>
