<PAMDataset>
  <PAMRasterBand band="1">
    <Description>Layer_1</Description>
    <Metadata>
      <MDI key="LAYER_TYPE">athematic</MDI>
      <MDI key="STATISTICS_MINIMUM">0.78658694028854</MDI>
      <MDI key="STATISTICS_MAXIMUM">0.87862241268158</MDI>
      <MDI key="STATISTICS_MEAN">0.83293125145435</MDI>
      <MDI key="STATISTICS_STDDEV">0.025050734437855</MDI>
      <MDI key="STATISTICS_SKIPFACTORX">1</MDI>
      <MDI key="STATISTICS_SKIPFACTORY">1</MDI>
      <MDI key="STATISTICS_EXCLUDEDVALUES"></MDI>
      <MDI key="STATISTICS_COVARIANCES">6.2753929587595E-04</MDI>
    </Metadata>
  </PAMRasterBand>
</PAMDataset>
