<PAMDataset>
  <PAMRasterBand band="1">
    <Description>Layer_1</Description>
    <Metadata>
      <MDI key="LAYER_TYPE">athematic</MDI>
      <MDI key="STATISTICS_MINIMUM">0.27544420957565</MDI>
      <MDI key="STATISTICS_MAXIMUM">0.31570842862129</MDI>
      <MDI key="STATISTICS_MEAN">0.29372696893215</MDI>
      <MDI key="STATISTICS_STDDEV">0.015403069431768</MDI>
      <MDI key="STATISTICS_SKIPFACTORX">1</MDI>
      <MDI key="STATISTICS_SKIPFACTORY">1</MDI>
      <MDI key="STATISTICS_EXCLUDEDVALUES"></MDI>
      <MDI key="STATISTICS_COVARIANCES">2.37254547919866E-04</MDI>
    </Metadata>
  </PAMRasterBand>
</PAMDataset>
