<PAMDataset>
  <PAMRasterBand band="1">
    <Description>Layer_1</Description>
    <Metadata>
      <MDI key="LAYER_TYPE">athematic</MDI>
      <MDI key="STATISTICS_MINIMUM">0.90143406391144</MDI>
      <MDI key="STATISTICS_MAXIMUM">0.92119348049164</MDI>
      <MDI key="STATISTICS_MEAN">0.91517681440115</MDI>
      <MDI key="STATISTICS_STDDEV">0.0054015653675967</MDI>
      <MDI key="STATISTICS_SKIPFACTORX">1</MDI>
      <MDI key="STATISTICS_SKIPFACTORY">1</MDI>
      <MDI key="STATISTICS_EXCLUDEDVALUES"></MDI>
      <MDI key="STATISTICS_COVARIANCES">2.91769084204198E-05</MDI>
    </Metadata>
  </PAMRasterBand>
</PAMDataset>
