<PAMDataset>
  <PAMRasterBand band="1">
    <Description>Layer_1</Description>
    <Metadata>
      <MDI key="LAYER_TYPE">athematic</MDI>
      <MDI key="STATISTICS_MINIMUM">0.87867164611816</MDI>
      <MDI key="STATISTICS_MAXIMUM">0.9128509759903</MDI>
      <MDI key="STATISTICS_MEAN">0.90714125993848</MDI>
      <MDI key="STATISTICS_STDDEV">0.007939797996731</MDI>
      <MDI key="STATISTICS_SKIPFACTORX">1</MDI>
      <MDI key="STATISTICS_SKIPFACTORY">1</MDI>
      <MDI key="STATISTICS_EXCLUDEDVALUES"></MDI>
      <MDI key="STATISTICS_COVARIANCES">6.30403922288929E-05</MDI>
    </Metadata>
  </PAMRasterBand>
</PAMDataset>
