<PAMDataset>
  <PAMRasterBand band="1">
    <Description>Layer_1</Description>
    <Metadata>
      <MDI key="LAYER_TYPE">athematic</MDI>
      <MDI key="STATISTICS_MINIMUM">0.33754035830498</MDI>
      <MDI key="STATISTICS_MAXIMUM">0.37726065516472</MDI>
      <MDI key="STATISTICS_MEAN">0.36090351107419</MDI>
      <MDI key="STATISTICS_STDDEV">0.013034828986348</MDI>
      <MDI key="STATISTICS_SKIPFACTORX">1</MDI>
      <MDI key="STATISTICS_SKIPFACTORY">1</MDI>
      <MDI key="STATISTICS_EXCLUDEDVALUES"></MDI>
      <MDI key="STATISTICS_COVARIANCES">1.69906766703332E-04</MDI>
    </Metadata>
  </PAMRasterBand>
</PAMDataset>
