<PAMDataset>
  <PAMRasterBand band="1">
    <Description>Layer_1</Description>
    <Metadata>
      <MDI key="LAYER_TYPE">athematic</MDI>
      <MDI key="STATISTICS_MINIMUM">0.90333157777786</MDI>
      <MDI key="STATISTICS_MAXIMUM">0.92454344034195</MDI>
      <MDI key="STATISTICS_MEAN">0.92144449352026</MDI>
      <MDI key="STATISTICS_STDDEV">0.0045611828051142</MDI>
      <MDI key="STATISTICS_SKIPFACTORX">1</MDI>
      <MDI key="STATISTICS_SKIPFACTORY">1</MDI>
      <MDI key="STATISTICS_EXCLUDEDVALUES"></MDI>
      <MDI key="STATISTICS_COVARIANCES">2.08043885816691E-05</MDI>
    </Metadata>
  </PAMRasterBand>
</PAMDataset>
