<PAMDataset>
  <PAMRasterBand band="1">
    <Description>Layer_1</Description>
    <Metadata>
      <MDI key="LAYER_TYPE">athematic</MDI>
      <MDI key="STATISTICS_MINIMUM">0.7783574461937</MDI>
      <MDI key="STATISTICS_MAXIMUM">0.83083492517471</MDI>
      <MDI key="STATISTICS_MEAN">0.82055721191168</MDI>
      <MDI key="STATISTICS_STDDEV">0.013207546064929</MDI>
      <MDI key="STATISTICS_SKIPFACTORX">1</MDI>
      <MDI key="STATISTICS_SKIPFACTORY">1</MDI>
      <MDI key="STATISTICS_EXCLUDEDVALUES"></MDI>
      <MDI key="STATISTICS_COVARIANCES">1.74439273057221E-04</MDI>
    </Metadata>
  </PAMRasterBand>
</PAMDataset>
