<PAMDataset>
  <PAMRasterBand band="1">
    <Description>Layer_1</Description>
    <Metadata>
      <MDI key="LAYER_TYPE">athematic</MDI>
      <MDI key="STATISTICS_MINIMUM">0.90230458974838</MDI>
      <MDI key="STATISTICS_MAXIMUM">0.9243186712265</MDI>
      <MDI key="STATISTICS_MEAN">0.91460876866579</MDI>
      <MDI key="STATISTICS_STDDEV">0.0059865463198897</MDI>
      <MDI key="STATISTICS_SKIPFACTORX">1</MDI>
      <MDI key="STATISTICS_SKIPFACTORY">1</MDI>
      <MDI key="STATISTICS_EXCLUDEDVALUES"></MDI>
      <MDI key="STATISTICS_COVARIANCES">3.58387368401855E-05</MDI>
    </Metadata>
  </PAMRasterBand>
</PAMDataset>
