<PAMDataset>
  <PAMRasterBand band="1">
    <Description>Layer_1</Description>
    <Metadata>
      <MDI key="LAYER_TYPE">athematic</MDI>
      <MDI key="STATISTICS_MINIMUM">0.84658396244049</MDI>
      <MDI key="STATISTICS_MAXIMUM">0.8773398399353</MDI>
      <MDI key="STATISTICS_MEAN">0.86969874989986</MDI>
      <MDI key="STATISTICS_STDDEV">0.0075793755620858</MDI>
      <MDI key="STATISTICS_SKIPFACTORX">1</MDI>
      <MDI key="STATISTICS_SKIPFACTORY">1</MDI>
      <MDI key="STATISTICS_EXCLUDEDVALUES"></MDI>
      <MDI key="STATISTICS_COVARIANCES">5.74469339111434E-05</MDI>
    </Metadata>
  </PAMRasterBand>
</PAMDataset>
