<PAMDataset>
  <PAMRasterBand band="1">
    <Description>Layer_1</Description>
    <Metadata>
      <MDI key="LAYER_TYPE">athematic</MDI>
      <MDI key="STATISTICS_MINIMUM">0.92088460922241</MDI>
      <MDI key="STATISTICS_MAXIMUM">0.92655175924301</MDI>
      <MDI key="STATISTICS_MEAN">0.92452042189837</MDI>
      <MDI key="STATISTICS_STDDEV">0.0022292348295172</MDI>
      <MDI key="STATISTICS_SKIPFACTORX">1</MDI>
      <MDI key="STATISTICS_SKIPFACTORY">1</MDI>
      <MDI key="STATISTICS_EXCLUDEDVALUES"></MDI>
      <MDI key="STATISTICS_COVARIANCES">4.96948792513265E-06</MDI>
    </Metadata>
  </PAMRasterBand>
</PAMDataset>
