<PAMDataset>
  <PAMRasterBand band="1">
    <Description>Layer_1</Description>
    <Metadata>
      <MDI key="LAYER_TYPE">athematic</MDI>
      <MDI key="STATISTICS_MINIMUM">0.53308284282684</MDI>
      <MDI key="STATISTICS_MAXIMUM">0.60356903076172</MDI>
      <MDI key="STATISTICS_MEAN">0.5773440297544</MDI>
      <MDI key="STATISTICS_STDDEV">0.017614350510771</MDI>
      <MDI key="STATISTICS_SKIPFACTORX">1</MDI>
      <MDI key="STATISTICS_SKIPFACTORY">1</MDI>
      <MDI key="STATISTICS_EXCLUDEDVALUES"></MDI>
      <MDI key="STATISTICS_COVARIANCES">3.10265343916292E-04</MDI>
    </Metadata>
  </PAMRasterBand>
</PAMDataset>
