<PAMDataset>
  <PAMRasterBand band="1">
    <Description>Layer_1</Description>
    <Metadata>
      <MDI key="LAYER_TYPE">athematic</MDI>
      <MDI key="STATISTICS_MINIMUM">0.89673936367035</MDI>
      <MDI key="STATISTICS_MAXIMUM">0.92120707035065</MDI>
      <MDI key="STATISTICS_MEAN">0.9044015923202</MDI>
      <MDI key="STATISTICS_STDDEV">0.0083683539086226</MDI>
      <MDI key="STATISTICS_SKIPFACTORX">1</MDI>
      <MDI key="STATISTICS_SKIPFACTORY">1</MDI>
      <MDI key="STATISTICS_EXCLUDEDVALUES"></MDI>
      <MDI key="STATISTICS_COVARIANCES">7.00293471399587E-05</MDI>
    </Metadata>
  </PAMRasterBand>
</PAMDataset>
