<PAMDataset>
  <PAMRasterBand band="1">
    <Description>Layer_1</Description>
    <Metadata>
      <MDI key="LAYER_TYPE">athematic</MDI>
      <MDI key="STATISTICS_MINIMUM">0.91152477264404</MDI>
      <MDI key="STATISTICS_MAXIMUM">0.92227959632874</MDI>
      <MDI key="STATISTICS_MEAN">0.9185252155304</MDI>
      <MDI key="STATISTICS_STDDEV">0.0037437507808575</MDI>
      <MDI key="STATISTICS_SKIPFACTORX">1</MDI>
      <MDI key="STATISTICS_SKIPFACTORY">1</MDI>
      <MDI key="STATISTICS_EXCLUDEDVALUES"></MDI>
      <MDI key="STATISTICS_COVARIANCES">1.40156699091709E-05</MDI>
    </Metadata>
  </PAMRasterBand>
</PAMDataset>
