<PAMDataset>
  <PAMRasterBand band="1">
    <Description>Layer_1</Description>
    <Metadata>
      <MDI key="LAYER_TYPE">athematic</MDI>
      <MDI key="STATISTICS_MINIMUM">0.91156601905823</MDI>
      <MDI key="STATISTICS_MAXIMUM">0.92662316560745</MDI>
      <MDI key="STATISTICS_MEAN">0.92066315190196</MDI>
      <MDI key="STATISTICS_STDDEV">0.0040686647125893</MDI>
      <MDI key="STATISTICS_SKIPFACTORX">1</MDI>
      <MDI key="STATISTICS_SKIPFACTORY">1</MDI>
      <MDI key="STATISTICS_EXCLUDEDVALUES"></MDI>
      <MDI key="STATISTICS_COVARIANCES">1.65540325434693E-05</MDI>
    </Metadata>
  </PAMRasterBand>
</PAMDataset>
