<PAMDataset>
  <PAMRasterBand band="1">
    <Description>Layer_1</Description>
    <Metadata>
      <MDI key="LAYER_TYPE">athematic</MDI>
      <MDI key="STATISTICS_MINIMUM">0.46887305378914</MDI>
      <MDI key="STATISTICS_MAXIMUM">0.54838663339615</MDI>
      <MDI key="STATISTICS_MEAN">0.5156804458797</MDI>
      <MDI key="STATISTICS_STDDEV">0.016788531399888</MDI>
      <MDI key="STATISTICS_SKIPFACTORX">1</MDI>
      <MDI key="STATISTICS_SKIPFACTORY">1</MDI>
      <MDI key="STATISTICS_EXCLUDEDVALUES"></MDI>
      <MDI key="STATISTICS_COVARIANCES">2.81854786565025E-04</MDI>
    </Metadata>
  </PAMRasterBand>
</PAMDataset>
