<PAMDataset>
  <PAMRasterBand band="1">
    <Description>Layer_1</Description>
    <Metadata>
      <MDI key="LAYER_TYPE">athematic</MDI>
      <MDI key="STATISTICS_MINIMUM">0.19399563968182</MDI>
      <MDI key="STATISTICS_MAXIMUM">0.23200264573097</MDI>
      <MDI key="STATISTICS_MEAN">0.21181991108954</MDI>
      <MDI key="STATISTICS_STDDEV">0.013422987164775</MDI>
      <MDI key="STATISTICS_SKIPFACTORX">1</MDI>
      <MDI key="STATISTICS_SKIPFACTORY">1</MDI>
      <MDI key="STATISTICS_EXCLUDEDVALUES"></MDI>
      <MDI key="STATISTICS_COVARIANCES">1.80176584425715E-04</MDI>
    </Metadata>
  </PAMRasterBand>
</PAMDataset>
