<PAMDataset>
  <PAMRasterBand band="1">
    <Description>Layer_1</Description>
    <Metadata>
      <MDI key="LAYER_TYPE">athematic</MDI>
      <MDI key="STATISTICS_MINIMUM">0.20183362066746</MDI>
      <MDI key="STATISTICS_MAXIMUM">0.23906177282333</MDI>
      <MDI key="STATISTICS_MEAN">0.21894872226119</MDI>
      <MDI key="STATISTICS_STDDEV">0.012893405746502</MDI>
      <MDI key="STATISTICS_SKIPFACTORX">1</MDI>
      <MDI key="STATISTICS_SKIPFACTORY">1</MDI>
      <MDI key="STATISTICS_EXCLUDEDVALUES"></MDI>
      <MDI key="STATISTICS_COVARIANCES">1.66239911743926E-04</MDI>
    </Metadata>
  </PAMRasterBand>
</PAMDataset>
