<PAMDataset>
  <PAMRasterBand band="1">
    <Description>Layer_1</Description>
    <Metadata>
      <MDI key="LAYER_TYPE">athematic</MDI>
      <MDI key="STATISTICS_MINIMUM">0.19635745882988</MDI>
      <MDI key="STATISTICS_MAXIMUM">0.2275572270155</MDI>
      <MDI key="STATISTICS_MEAN">0.2088565357253</MDI>
      <MDI key="STATISTICS_STDDEV">0.012694756359317</MDI>
      <MDI key="STATISTICS_SKIPFACTORX">1</MDI>
      <MDI key="STATISTICS_SKIPFACTORY">1</MDI>
      <MDI key="STATISTICS_EXCLUDEDVALUES"></MDI>
      <MDI key="STATISTICS_COVARIANCES">1.61156839022427E-04</MDI>
    </Metadata>
  </PAMRasterBand>
</PAMDataset>
