<PAMDataset>
  <PAMRasterBand band="1">
    <Description>Layer_1</Description>
    <Metadata>
      <MDI key="LAYER_TYPE">athematic</MDI>
      <MDI key="STATISTICS_MINIMUM">0.92279201745987</MDI>
      <MDI key="STATISTICS_MAXIMUM">0.9265718460083</MDI>
      <MDI key="STATISTICS_MEAN">0.92510686845779</MDI>
      <MDI key="STATISTICS_STDDEV">0.0010695807331152</MDI>
      <MDI key="STATISTICS_SKIPFACTORX">1</MDI>
      <MDI key="STATISTICS_SKIPFACTORY">1</MDI>
      <MDI key="STATISTICS_EXCLUDEDVALUES"></MDI>
      <MDI key="STATISTICS_COVARIANCES">1.14400294465121E-06</MDI>
    </Metadata>
  </PAMRasterBand>
</PAMDataset>
