<PAMDataset>
  <PAMRasterBand band="1">
    <Description>Layer_1</Description>
    <Metadata>
      <MDI key="LAYER_TYPE">athematic</MDI>
      <MDI key="STATISTICS_MINIMUM">0.62226462364197</MDI>
      <MDI key="STATISTICS_MAXIMUM">0.66208648681641</MDI>
      <MDI key="STATISTICS_MEAN">0.65397984411716</MDI>
      <MDI key="STATISTICS_STDDEV">0.012777591114824</MDI>
      <MDI key="STATISTICS_SKIPFACTORX">1</MDI>
      <MDI key="STATISTICS_SKIPFACTORY">1</MDI>
      <MDI key="STATISTICS_EXCLUDEDVALUES"></MDI>
      <MDI key="STATISTICS_COVARIANCES">1.63266834697622E-04</MDI>
    </Metadata>
  </PAMRasterBand>
</PAMDataset>
