<PAMDataset>
  <PAMRasterBand band="1">
    <Description>Layer_1</Description>
    <Metadata>
      <MDI key="LAYER_TYPE">athematic</MDI>
      <MDI key="STATISTICS_MINIMUM">0.89666742086411</MDI>
      <MDI key="STATISTICS_MAXIMUM">0.92618185281754</MDI>
      <MDI key="STATISTICS_MEAN">0.92060316222906</MDI>
      <MDI key="STATISTICS_STDDEV">0.0070108159112593</MDI>
      <MDI key="STATISTICS_SKIPFACTORX">1</MDI>
      <MDI key="STATISTICS_SKIPFACTORY">1</MDI>
      <MDI key="STATISTICS_EXCLUDEDVALUES"></MDI>
      <MDI key="STATISTICS_COVARIANCES">4.91515397415668E-05</MDI>
    </Metadata>
  </PAMRasterBand>
</PAMDataset>
