<PAMDataset>
  <PAMRasterBand band="1">
    <Description>Layer_1</Description>
    <Metadata>
      <MDI key="LAYER_TYPE">athematic</MDI>
      <MDI key="STATISTICS_MINIMUM">0.55986833572388</MDI>
      <MDI key="STATISTICS_MAXIMUM">0.60163640975952</MDI>
      <MDI key="STATISTICS_MEAN">0.5876085085094</MDI>
      <MDI key="STATISTICS_STDDEV">0.01457513637339</MDI>
      <MDI key="STATISTICS_SKIPFACTORX">1</MDI>
      <MDI key="STATISTICS_SKIPFACTORY">1</MDI>
      <MDI key="STATISTICS_EXCLUDEDVALUES"></MDI>
      <MDI key="STATISTICS_COVARIANCES">2.12434600302929E-04</MDI>
    </Metadata>
  </PAMRasterBand>
</PAMDataset>
