<PAMDataset>
  <PAMRasterBand band="1">
    <Description>Layer_1</Description>
    <Metadata>
      <MDI key="LAYER_TYPE">athematic</MDI>
      <MDI key="STATISTICS_MINIMUM">0.35763669013977</MDI>
      <MDI key="STATISTICS_MAXIMUM">0.40133813023567</MDI>
      <MDI key="STATISTICS_MEAN">0.38988196204901</MDI>
      <MDI key="STATISTICS_STDDEV">0.015023645301269</MDI>
      <MDI key="STATISTICS_SKIPFACTORX">1</MDI>
      <MDI key="STATISTICS_SKIPFACTORY">1</MDI>
      <MDI key="STATISTICS_EXCLUDEDVALUES"></MDI>
      <MDI key="STATISTICS_COVARIANCES">2.25709918138341E-04</MDI>
    </Metadata>
  </PAMRasterBand>
</PAMDataset>
