<PAMDataset>
  <PAMRasterBand band="1">
    <Description>Layer_1</Description>
    <Metadata>
      <MDI key="LAYER_TYPE">athematic</MDI>
      <MDI key="STATISTICS_MINIMUM">0.80384463071823</MDI>
      <MDI key="STATISTICS_MAXIMUM">0.8780061006546</MDI>
      <MDI key="STATISTICS_MEAN">0.8410356434226</MDI>
      <MDI key="STATISTICS_STDDEV">0.019586298954614</MDI>
      <MDI key="STATISTICS_SKIPFACTORX">1</MDI>
      <MDI key="STATISTICS_SKIPFACTORY">1</MDI>
      <MDI key="STATISTICS_EXCLUDEDVALUES"></MDI>
      <MDI key="STATISTICS_COVARIANCES">3.83623106739519E-04</MDI>
    </Metadata>
  </PAMRasterBand>
</PAMDataset>
