<PAMDataset>
  <PAMRasterBand band="1">
    <Description>Layer_1</Description>
    <Metadata>
      <MDI key="LAYER_TYPE">athematic</MDI>
      <MDI key="STATISTICS_MINIMUM">0.87202531099319</MDI>
      <MDI key="STATISTICS_MAXIMUM">0.90851873159409</MDI>
      <MDI key="STATISTICS_MEAN">0.88760417269468</MDI>
      <MDI key="STATISTICS_STDDEV">0.010327808487853</MDI>
      <MDI key="STATISTICS_SKIPFACTORX">1</MDI>
      <MDI key="STATISTICS_SKIPFACTORY">1</MDI>
      <MDI key="STATISTICS_EXCLUDEDVALUES"></MDI>
      <MDI key="STATISTICS_COVARIANCES">1.06663628161771E-04</MDI>
    </Metadata>
  </PAMRasterBand>
</PAMDataset>
