<PAMDataset>
  <PAMRasterBand band="1">
    <Description>Layer_1</Description>
    <Metadata>
      <MDI key="LAYER_TYPE">athematic</MDI>
      <MDI key="STATISTICS_MINIMUM">0.91833037137985</MDI>
      <MDI key="STATISTICS_MAXIMUM">0.92669373750687</MDI>
      <MDI key="STATISTICS_MEAN">0.92327334432602</MDI>
      <MDI key="STATISTICS_STDDEV">0.0023356744861211</MDI>
      <MDI key="STATISTICS_SKIPFACTORX">1</MDI>
      <MDI key="STATISTICS_SKIPFACTORY">1</MDI>
      <MDI key="STATISTICS_EXCLUDEDVALUES"></MDI>
      <MDI key="STATISTICS_COVARIANCES">5.455375305117E-06</MDI>
    </Metadata>
  </PAMRasterBand>
</PAMDataset>
