<PAMDataset>
  <PAMRasterBand band="1">
    <Description>Layer_1</Description>
    <Metadata>
      <MDI key="LAYER_TYPE">athematic</MDI>
      <MDI key="STATISTICS_MINIMUM">0.92051655054092</MDI>
      <MDI key="STATISTICS_MAXIMUM">0.92667877674103</MDI>
      <MDI key="STATISTICS_MEAN">0.92571801490784</MDI>
      <MDI key="STATISTICS_STDDEV">0.001410378346913</MDI>
      <MDI key="STATISTICS_SKIPFACTORX">1</MDI>
      <MDI key="STATISTICS_SKIPFACTORY">1</MDI>
      <MDI key="STATISTICS_EXCLUDEDVALUES"></MDI>
      <MDI key="STATISTICS_COVARIANCES">1.98916708144094E-06</MDI>
    </Metadata>
  </PAMRasterBand>
</PAMDataset>
