<PAMDataset>
  <PAMRasterBand band="1">
    <Description>Layer_1</Description>
    <Metadata>
      <MDI key="LAYER_TYPE">athematic</MDI>
      <MDI key="STATISTICS_MINIMUM">0.78055602312088</MDI>
      <MDI key="STATISTICS_MAXIMUM">0.81978106498718</MDI>
      <MDI key="STATISTICS_MEAN">0.81020761702061</MDI>
      <MDI key="STATISTICS_STDDEV">0.010045510266131</MDI>
      <MDI key="STATISTICS_SKIPFACTORX">1</MDI>
      <MDI key="STATISTICS_SKIPFACTORY">1</MDI>
      <MDI key="STATISTICS_EXCLUDEDVALUES"></MDI>
      <MDI key="STATISTICS_COVARIANCES">1.00912276506952E-04</MDI>
    </Metadata>
  </PAMRasterBand>
</PAMDataset>
