<PAMDataset>
  <PAMRasterBand band="1">
    <Description>Layer_1</Description>
    <Metadata>
      <MDI key="LAYER_TYPE">athematic</MDI>
      <MDI key="STATISTICS_MINIMUM">0.65826421976089</MDI>
      <MDI key="STATISTICS_MAXIMUM">0.69581025838852</MDI>
      <MDI key="STATISTICS_MEAN">0.6882006379962</MDI>
      <MDI key="STATISTICS_STDDEV">0.012208225697976</MDI>
      <MDI key="STATISTICS_SKIPFACTORX">1</MDI>
      <MDI key="STATISTICS_SKIPFACTORY">1</MDI>
      <MDI key="STATISTICS_EXCLUDEDVALUES"></MDI>
      <MDI key="STATISTICS_COVARIANCES">1.49040774692711E-04</MDI>
    </Metadata>
  </PAMRasterBand>
</PAMDataset>
