<PAMDataset>
  <PAMRasterBand band="1">
    <Description>Layer_1</Description>
    <Metadata>
      <MDI key="LAYER_TYPE">athematic</MDI>
      <MDI key="STATISTICS_MINIMUM">0.88818353414536</MDI>
      <MDI key="STATISTICS_MAXIMUM">0.91864460706711</MDI>
      <MDI key="STATISTICS_MEAN">0.9107934004128</MDI>
      <MDI key="STATISTICS_STDDEV">0.0091728722388738</MDI>
      <MDI key="STATISTICS_SKIPFACTORX">1</MDI>
      <MDI key="STATISTICS_SKIPFACTORY">1</MDI>
      <MDI key="STATISTICS_EXCLUDEDVALUES"></MDI>
      <MDI key="STATISTICS_COVARIANCES">8.41415851107021E-05</MDI>
    </Metadata>
  </PAMRasterBand>
</PAMDataset>
