<PAMDataset>
  <PAMRasterBand band="1">
    <Description>Layer_1</Description>
    <Metadata>
      <MDI key="LAYER_TYPE">athematic</MDI>
      <MDI key="STATISTICS_MINIMUM">0.86127078533173</MDI>
      <MDI key="STATISTICS_MAXIMUM">0.91352969408035</MDI>
      <MDI key="STATISTICS_MEAN">0.90122436166406</MDI>
      <MDI key="STATISTICS_STDDEV">0.015148722060635</MDI>
      <MDI key="STATISTICS_SKIPFACTORX">1</MDI>
      <MDI key="STATISTICS_SKIPFACTORY">1</MDI>
      <MDI key="STATISTICS_EXCLUDEDVALUES"></MDI>
      <MDI key="STATISTICS_COVARIANCES">2.29483780070366E-04</MDI>
    </Metadata>
  </PAMRasterBand>
</PAMDataset>
