<PAMDataset>
  <PAMRasterBand band="1">
    <Description>Layer_1</Description>
    <Metadata>
      <MDI key="LAYER_TYPE">athematic</MDI>
      <MDI key="STATISTICS_MINIMUM">0.88389331102371</MDI>
      <MDI key="STATISTICS_MAXIMUM">0.91583013534546</MDI>
      <MDI key="STATISTICS_MEAN">0.89653843752146</MDI>
      <MDI key="STATISTICS_STDDEV">0.0091506371303878</MDI>
      <MDI key="STATISTICS_SKIPFACTORX">1</MDI>
      <MDI key="STATISTICS_SKIPFACTORY">1</MDI>
      <MDI key="STATISTICS_EXCLUDEDVALUES"></MDI>
      <MDI key="STATISTICS_COVARIANCES">8.37341598920324E-05</MDI>
    </Metadata>
  </PAMRasterBand>
</PAMDataset>
