<PAMDataset>
  <PAMRasterBand band="1">
    <Description>Layer_1</Description>
    <Metadata>
      <MDI key="LAYER_TYPE">athematic</MDI>
      <MDI key="STATISTICS_MINIMUM">0.42054894566536</MDI>
      <MDI key="STATISTICS_MAXIMUM">0.46083807945251</MDI>
      <MDI key="STATISTICS_MEAN">0.44845421753824</MDI>
      <MDI key="STATISTICS_STDDEV">0.014613874455471</MDI>
      <MDI key="STATISTICS_SKIPFACTORX">1</MDI>
      <MDI key="STATISTICS_SKIPFACTORY">1</MDI>
      <MDI key="STATISTICS_EXCLUDEDVALUES"></MDI>
      <MDI key="STATISTICS_COVARIANCES">2.13565326600259E-04</MDI>
    </Metadata>
  </PAMRasterBand>
</PAMDataset>
