<PAMDataset>
  <PAMRasterBand band="1">
    <Description>Layer_1</Description>
    <Metadata>
      <MDI key="LAYER_TYPE">athematic</MDI>
      <MDI key="STATISTICS_MINIMUM">0.46432250738144</MDI>
      <MDI key="STATISTICS_MAXIMUM">0.54174941778183</MDI>
      <MDI key="STATISTICS_MEAN">0.51172588125467</MDI>
      <MDI key="STATISTICS_STDDEV">0.016944200148879</MDI>
      <MDI key="STATISTICS_SKIPFACTORX">1</MDI>
      <MDI key="STATISTICS_SKIPFACTORY">1</MDI>
      <MDI key="STATISTICS_EXCLUDEDVALUES"></MDI>
      <MDI key="STATISTICS_COVARIANCES">2.87105918685256E-04</MDI>
    </Metadata>
  </PAMRasterBand>
</PAMDataset>
